Compiling 1 file (.ex)
Generated hello_world app
[info] Running HelloWorldWeb.Endpoint with cowboy 2.13.0 at 127.0.0.1:4000 (http)
[info] Access HelloWorldWeb.Endpoint at http://localhost:4000
[info] Starting intent store
[info] GET /
[debug] Processing with HelloWorldWeb.IntentController.index/2
  Parameters: %{}
  Pipelines: [:browser]
[info] Sent 200 in 26ms
[info] GET /intents
[debug] Processing with HelloWorldWeb.IntentController.list/2
  Parameters: %{}
  Pipelines: [:browser]
[info] Retrieved intents from ETS: []
[info] Listing pending intents: []
[info] Listing matched intents: []
[info] Sent 200 in 5ms
[info] GET /intents
[debug] Processing with HelloWorldWeb.IntentController.list/2
  Parameters: %{}
  Pipelines: [:browser]
[info] Retrieved intents from ETS: []
[info] Listing pending intents: []
[info] Listing matched intents: []
[info] Sent 200 in 393µs
[info] GET /intents
[debug] Processing with HelloWorldWeb.IntentController.list/2
  Parameters: %{}
  Pipelines: [:browser]
[info] Retrieved intents from ETS: []
[info] Listing pending intents: []
[info] Listing matched intents: []
[info] Sent 200 in 835µs
[info] GET /intents
[debug] Processing with HelloWorldWeb.IntentController.list/2
  Parameters: %{}
  Pipelines: [:browser]
[info] Retrieved intents from ETS: []
[info] Listing pending intents: []
[info] Listing matched intents: []
[info] Sent 200 in 459µs
[info] GET /intents
[debug] Processing with HelloWorldWeb.IntentController.list/2
  Parameters: %{}
  Pipelines: [:browser]
[info] Retrieved intents from ETS: []
[info] Listing pending intents: []
[info] Listing matched intents: []
[info] Sent 200 in 831µs
[info] GET /intents
[debug] Processing with HelloWorldWeb.IntentController.list/2
  Parameters: %{}
  Pipelines: [:browser]
[info] Retrieved intents from ETS: []
[info] Listing pending intents: []
[info] Listing matched intents: []
[info] Sent 200 in 1ms
[info] POST /intents
[debug] Processing with HelloWorldWeb.IntentController.create/2
  Parameters: %{"_csrf_token" => "LjwSNhs6fV93B3sbIQ9Wa2xuGhhkQjtgbLkgYL595JMzclfRT7ra64x2", "intent" => %{"amount" => "10", "source" => "alice", "target" => "bob"}}
  Pipelines: [:browser]
[info] Creating new intent with params: %{"amount" => "10", "source" => "alice", "target" => "bob"}
[info] Storing intent: %{id: "a95467bb341ae235", status: "pending", timestamp: ~U[2025-03-09 02:53:39.735235Z], type: "transfer", source: "alice", target: "bob", constraints: %{max_delay: 100, min_amount: 10}, amount: "10"}
[info] Storing intent in ETS: %{id: "a95467bb341ae235", status: "pending", timestamp: ~U[2025-03-09 02:53:39.735235Z], type: "transfer", source: "alice", target: "bob", constraints: %{max_delay: 100, min_amount: 10}, amount: "10"}
[info] Retrieved intents from ETS: [%{id: "a95467bb341ae235", status: "pending", timestamp: ~U[2025-03-09 02:53:39.735235Z], type: "transfer", source: "alice", target: "bob", constraints: %{max_delay: 100, min_amount: 10}, amount: "10"}]
[info] Checking for matches against existing intents: [%{id: "a95467bb341ae235", status: "pending", timestamp: ~U[2025-03-09 02:53:39.735235Z], type: "transfer", source: "alice", target: "bob", constraints: %{max_delay: 100, min_amount: 10}, amount: "10"}]
[info] Checking intent a95467bb341ae235 against a95467bb341ae235: false
[info] No matching intent found
[info] Sent 200 in 14ms
[info] GET /intents
[debug] Processing with HelloWorldWeb.IntentController.list/2
  Parameters: %{}
  Pipelines: [:browser]
[info] Retrieved intents from ETS: [%{id: "a95467bb341ae235", status: "pending", timestamp: ~U[2025-03-09 02:53:39.735235Z], type: "transfer", source: "alice", target: "bob", constraints: %{max_delay: 100, min_amount: 10}, amount: "10"}]
[info] Listing pending intents: [%{id: "a95467bb341ae235", status: "pending", timestamp: ~U[2025-03-09 02:53:39.735235Z], type: "transfer", source: "alice", target: "bob", constraints: %{max_delay: 100, min_amount: 10}, amount: "10"}]
[info] Listing matched intents: []
[info] Sent 200 in 613µs
[info] GET /intents
[debug] Processing with HelloWorldWeb.IntentController.list/2
  Parameters: %{}
  Pipelines: [:browser]
[info] Retrieved intents from ETS: [%{id: "a95467bb341ae235", status: "pending", timestamp: ~U[2025-03-09 02:53:39.735235Z], type: "transfer", source: "alice", target: "bob", constraints: %{max_delay: 100, min_amount: 10}, amount: "10"}]
[info] Listing pending intents: [%{id: "a95467bb341ae235", status: "pending", timestamp: ~U[2025-03-09 02:53:39.735235Z], type: "transfer", source: "alice", target: "bob", constraints: %{max_delay: 100, min_amount: 10}, amount: "10"}]
[info] Listing matched intents: []
[info] Sent 200 in 2ms
[info] GET /intents
[debug] Processing with HelloWorldWeb.IntentController.list/2
  Parameters: %{}
  Pipelines: [:browser]
[info] Retrieved intents from ETS: [%{id: "a95467bb341ae235", status: "pending", timestamp: ~U[2025-03-09 02:53:39.735235Z], type: "transfer", source: "alice", target: "bob", constraints: %{max_delay: 100, min_amount: 10}, amount: "10"}]
[info] Listing pending intents: [%{id: "a95467bb341ae235", status: "pending", timestamp: ~U[2025-03-09 02:53:39.735235Z], type: "transfer", source: "alice", target: "bob", constraints: %{max_delay: 100, min_amount: 10}, amount: "10"}]
[info] Listing matched intents: []
[info] Sent 200 in 906µs
[info] GET /intents
[debug] Processing with HelloWorldWeb.IntentController.list/2
  Parameters: %{}
  Pipelines: [:browser]
[info] Retrieved intents from ETS: [%{id: "a95467bb341ae235", status: "pending", timestamp: ~U[2025-03-09 02:53:39.735235Z], type: "transfer", source: "alice", target: "bob", constraints: %{max_delay: 100, min_amount: 10}, amount: "10"}]
[info] Listing pending intents: [%{id: "a95467bb341ae235", status: "pending", timestamp: ~U[2025-03-09 02:53:39.735235Z], type: "transfer", source: "alice", target: "bob", constraints: %{max_delay: 100, min_amount: 10}, amount: "10"}]
[info] Listing matched intents: []
[info] Sent 200 in 1ms
[info] GET /intents
[debug] Processing with HelloWorldWeb.IntentController.list/2
  Parameters: %{}
  Pipelines: [:browser]
[info] Retrieved intents from ETS: [%{id: "a95467bb341ae235", status: "pending", timestamp: ~U[2025-03-09 02:53:39.735235Z], type: "transfer", source: "alice", target: "bob", constraints: %{max_delay: 100, min_amount: 10}, amount: "10"}]
[info] Listing pending intents: [%{id: "a95467bb341ae235", status: "pending", timestamp: ~U[2025-03-09 02:53:39.735235Z], type: "transfer", source: "alice", target: "bob", constraints: %{max_delay: 100, min_amount: 10}, amount: "10"}]
[info] Listing matched intents: []
[info] Sent 200 in 736µs
[info] GET /intents
[debug] Processing with HelloWorldWeb.IntentController.list/2
  Parameters: %{}
  Pipelines: [:browser]
[info] Retrieved intents from ETS: [%{id: "a95467bb341ae235", status: "pending", timestamp: ~U[2025-03-09 02:53:39.735235Z], type: "transfer", source: "alice", target: "bob", constraints: %{max_delay: 100, min_amount: 10}, amount: "10"}]
[info] Listing pending intents: [%{id: "a95467bb341ae235", status: "pending", timestamp: ~U[2025-03-09 02:53:39.735235Z], type: "transfer", source: "alice", target: "bob", constraints: %{max_delay: 100, min_amount: 10}, amount: "10"}]
[info] Listing matched intents: []
[info] Sent 200 in 969µs
[info] GET /intents
[debug] Processing with HelloWorldWeb.IntentController.list/2
  Parameters: %{}
  Pipelines: [:browser]
[info] Retrieved intents from ETS: [%{id: "a95467bb341ae235", status: "pending", timestamp: ~U[2025-03-09 02:53:39.735235Z], type: "transfer", source: "alice", target: "bob", constraints: %{max_delay: 100, min_amount: 10}, amount: "10"}]
[info] Listing pending intents: [%{id: "a95467bb341ae235", status: "pending", timestamp: ~U[2025-03-09 02:53:39.735235Z], type: "transfer", source: "alice", target: "bob", constraints: %{max_delay: 100, min_amount: 10}, amount: "10"}]
[info] Listing matched intents: []
[info] Sent 200 in 787µs
[info] POST /intents
[debug] Processing with HelloWorldWeb.IntentController.create/2
  Parameters: %{"_csrf_token" => "LjwSNhs6fV93B3sbIQ9Wa2xuGhhkQjtgbLkgYL595JMzclfRT7ra64x2", "intent" => %{"amount" => "5", "source" => "bob", "target" => "charlie"}}
  Pipelines: [:browser]
[info] Creating new intent with params: %{"amount" => "5", "source" => "bob", "target" => "charlie"}
[info] Storing intent: %{id: "8701d6988841a949", status: "pending", timestamp: ~U[2025-03-09 02:54:10.380307Z], type: "transfer", source: "bob", target: "charlie", constraints: %{max_delay: 100, min_amount: 5}, amount: "5"}
[info] Storing intent in ETS: %{id: "8701d6988841a949", status: "pending", timestamp: ~U[2025-03-09 02:54:10.380307Z], type: "transfer", source: "bob", target: "charlie", constraints: %{max_delay: 100, min_amount: 5}, amount: "5"}
[info] Retrieved intents from ETS: [%{id: "8701d6988841a949", status: "pending", timestamp: ~U[2025-03-09 02:54:10.380307Z], type: "transfer", source: "bob", target: "charlie", constraints: %{max_delay: 100, min_amount: 5}, amount: "5"}, %{id: "a95467bb341ae235", status: "pending", timestamp: ~U[2025-03-09 02:53:39.735235Z], type: "transfer", source: "alice", target: "bob", constraints: %{max_delay: 100, min_amount: 10}, amount: "10"}]
[info] Checking for matches against existing intents: [%{id: "8701d6988841a949", status: "pending", timestamp: ~U[2025-03-09 02:54:10.380307Z], type: "transfer", source: "bob", target: "charlie", constraints: %{max_delay: 100, min_amount: 5}, amount: "5"}, %{id: "a95467bb341ae235", status: "pending", timestamp: ~U[2025-03-09 02:53:39.735235Z], type: "transfer", source: "alice", target: "bob", constraints: %{max_delay: 100, min_amount: 10}, amount: "10"}]
[info] Checking intent 8701d6988841a949 against 8701d6988841a949: false
[info] Checking intent a95467bb341ae235 against 8701d6988841a949: false
[info] No matching intent found
[info] Sent 200 in 1ms
[info] GET /intents
[debug] Processing with HelloWorldWeb.IntentController.list/2
  Parameters: %{}
  Pipelines: [:browser]
[info] Retrieved intents from ETS: [%{id: "8701d6988841a949", status: "pending", timestamp: ~U[2025-03-09 02:54:10.380307Z], type: "transfer", source: "bob", target: "charlie", constraints: %{max_delay: 100, min_amount: 5}, amount: "5"}, %{id: "a95467bb341ae235", status: "pending", timestamp: ~U[2025-03-09 02:53:39.735235Z], type: "transfer", source: "alice", target: "bob", constraints: %{max_delay: 100, min_amount: 10}, amount: "10"}]
[info] Listing pending intents: [%{id: "8701d6988841a949", status: "pending", timestamp: ~U[2025-03-09 02:54:10.380307Z], type: "transfer", source: "bob", target: "charlie", constraints: %{max_delay: 100, min_amount: 5}, amount: "5"}, %{id: "a95467bb341ae235", status: "pending", timestamp: ~U[2025-03-09 02:53:39.735235Z], type: "transfer", source: "alice", target: "bob", constraints: %{max_delay: 100, min_amount: 10}, amount: "10"}]
[info] Listing matched intents: []
[info] Sent 200 in 878µs
[info] GET /intents
[debug] Processing with HelloWorldWeb.IntentController.list/2
  Parameters: %{}
  Pipelines: [:browser]
[info] Retrieved intents from ETS: [%{id: "8701d6988841a949", status: "pending", timestamp: ~U[2025-03-09 02:54:10.380307Z], type: "transfer", source: "bob", target: "charlie", constraints: %{max_delay: 100, min_amount: 5}, amount: "5"}, %{id: "a95467bb341ae235", status: "pending", timestamp: ~U[2025-03-09 02:53:39.735235Z], type: "transfer", source: "alice", target: "bob", constraints: %{max_delay: 100, min_amount: 10}, amount: "10"}]
[info] Listing pending intents: [%{id: "8701d6988841a949", status: "pending", timestamp: ~U[2025-03-09 02:54:10.380307Z], type: "transfer", source: "bob", target: "charlie", constraints: %{max_delay: 100, min_amount: 5}, amount: "5"}, %{id: "a95467bb341ae235", status: "pending", timestamp: ~U[2025-03-09 02:53:39.735235Z], type: "transfer", source: "alice", target: "bob", constraints: %{max_delay: 100, min_amount: 10}, amount: "10"}]
[info] Listing matched intents: []
[info] Sent 200 in 2ms
[info] GET /intents
[debug] Processing with HelloWorldWeb.IntentController.list/2
  Parameters: %{}
  Pipelines: [:browser]
[info] Retrieved intents from ETS: [%{id: "8701d6988841a949", status: "pending", timestamp: ~U[2025-03-09 02:54:10.380307Z], type: "transfer", source: "bob", target: "charlie", constraints: %{max_delay: 100, min_amount: 5}, amount: "5"}, %{id: "a95467bb341ae235", status: "pending", timestamp: ~U[2025-03-09 02:53:39.735235Z], type: "transfer", source: "alice", target: "bob", constraints: %{max_delay: 100, min_amount: 10}, amount: "10"}]
[info] Listing pending intents: [%{id: "8701d6988841a949", status: "pending", timestamp: ~U[2025-03-09 02:54:10.380307Z], type: "transfer", source: "bob", target: "charlie", constraints: %{max_delay: 100, min_amount: 5}, amount: "5"}, %{id: "a95467bb341ae235", status: "pending", timestamp: ~U[2025-03-09 02:53:39.735235Z], type: "transfer", source: "alice", target: "bob", constraints: %{max_delay: 100, min_amount: 10}, amount: "10"}]
[info] Listing matched intents: []
[info] Sent 200 in 768µs
[info] GET /intents
[debug] Processing with HelloWorldWeb.IntentController.list/2
  Parameters: %{}
  Pipelines: [:browser]
[info] Retrieved intents from ETS: [%{id: "8701d6988841a949", status: "pending", timestamp: ~U[2025-03-09 02:54:10.380307Z], type: "transfer", source: "bob", target: "charlie", constraints: %{max_delay: 100, min_amount: 5}, amount: "5"}, %{id: "a95467bb341ae235", status: "pending", timestamp: ~U[2025-03-09 02:53:39.735235Z], type: "transfer", source: "alice", target: "bob", constraints: %{max_delay: 100, min_amount: 10}, amount: "10"}]
[info] Listing pending intents: [%{id: "8701d6988841a949", status: "pending", timestamp: ~U[2025-03-09 02:54:10.380307Z], type: "transfer", source: "bob", target: "charlie", constraints: %{max_delay: 100, min_amount: 5}, amount: "5"}, %{id: "a95467bb341ae235", status: "pending", timestamp: ~U[2025-03-09 02:53:39.735235Z], type: "transfer", source: "alice", target: "bob", constraints: %{max_delay: 100, min_amount: 10}, amount: "10"}]
[info] Listing matched intents: []
[info] Sent 200 in 780µs
[info] POST /intents
[debug] Processing with HelloWorldWeb.IntentController.create/2
  Parameters: %{"_csrf_token" => "LjwSNhs6fV93B3sbIQ9Wa2xuGhhkQjtgbLkgYL595JMzclfRT7ra64x2", "intent" => %{"amount" => "10", "source" => "bob", "target" => "charlie"}}
  Pipelines: [:browser]
[info] Creating new intent with params: %{"amount" => "10", "source" => "bob", "target" => "charlie"}
[info] Storing intent: %{id: "0ac0571d6ff0127f", status: "pending", timestamp: ~U[2025-03-09 02:54:28.381571Z], type: "transfer", source: "bob", target: "charlie", constraints: %{max_delay: 100, min_amount: 10}, amount: "10"}
[info] Storing intent in ETS: %{id: "0ac0571d6ff0127f", status: "pending", timestamp: ~U[2025-03-09 02:54:28.381571Z], type: "transfer", source: "bob", target: "charlie", constraints: %{max_delay: 100, min_amount: 10}, amount: "10"}
[info] Retrieved intents from ETS: [%{id: "0ac0571d6ff0127f", status: "pending", timestamp: ~U[2025-03-09 02:54:28.381571Z], type: "transfer", source: "bob", target: "charlie", constraints: %{max_delay: 100, min_amount: 10}, amount: "10"}, %{id: "8701d6988841a949", status: "pending", timestamp: ~U[2025-03-09 02:54:10.380307Z], type: "transfer", source: "bob", target: "charlie", constraints: %{max_delay: 100, min_amount: 5}, amount: "5"}, %{id: "a95467bb341ae235", status: "pending", timestamp: ~U[2025-03-09 02:53:39.735235Z], type: "transfer", source: "alice", target: "bob", constraints: %{max_delay: 100, min_amount: 10}, amount: "10"}]
[info] Checking for matches against existing intents: [%{id: "0ac0571d6ff0127f", status: "pending", timestamp: ~U[2025-03-09 02:54:28.381571Z], type: "transfer", source: "bob", target: "charlie", constraints: %{max_delay: 100, min_amount: 10}, amount: "10"}, %{id: "8701d6988841a949", status: "pending", timestamp: ~U[2025-03-09 02:54:10.380307Z], type: "transfer", source: "bob", target: "charlie", constraints: %{max_delay: 100, min_amount: 5}, amount: "5"}, %{id: "a95467bb341ae235", status: "pending", timestamp: ~U[2025-03-09 02:53:39.735235Z], type: "transfer", source: "alice", target: "bob", constraints: %{max_delay: 100, min_amount: 10}, amount: "10"}]
[info] Checking intent 0ac0571d6ff0127f against 0ac0571d6ff0127f: false
[info] Checking intent 8701d6988841a949 against 0ac0571d6ff0127f: false
[info] Checking intent a95467bb341ae235 against 0ac0571d6ff0127f: false
[info] No matching intent found
[info] Sent 200 in 1ms
[info] GET /intents
[debug] Processing with HelloWorldWeb.IntentController.list/2
  Parameters: %{}
  Pipelines: [:browser]
[info] Retrieved intents from ETS: [%{id: "0ac0571d6ff0127f", status: "pending", timestamp: ~U[2025-03-09 02:54:28.381571Z], type: "transfer", source: "bob", target: "charlie", constraints: %{max_delay: 100, min_amount: 10}, amount: "10"}, %{id: "8701d6988841a949", status: "pending", timestamp: ~U[2025-03-09 02:54:10.380307Z], type: "transfer", source: "bob", target: "charlie", constraints: %{max_delay: 100, min_amount: 5}, amount: "5"}, %{id: "a95467bb341ae235", status: "pending", timestamp: ~U[2025-03-09 02:53:39.735235Z], type: "transfer", source: "alice", target: "bob", constraints: %{max_delay: 100, min_amount: 10}, amount: "10"}]
[info] Listing pending intents: [%{id: "0ac0571d6ff0127f", status: "pending", timestamp: ~U[2025-03-09 02:54:28.381571Z], type: "transfer", source: "bob", target: "charlie", constraints: %{max_delay: 100, min_amount: 10}, amount: "10"}, %{id: "8701d6988841a949", status: "pending", timestamp: ~U[2025-03-09 02:54:10.380307Z], type: "transfer", source: "bob", target: "charlie", constraints: %{max_delay: 100, min_amount: 5}, amount: "5"}, %{id: "a95467bb341ae235", status: "pending", timestamp: ~U[2025-03-09 02:53:39.735235Z], type: "transfer", source: "alice", target: "bob", constraints: %{max_delay: 100, min_amount: 10}, amount: "10"}]
[info] Listing matched intents: []
[info] Sent 200 in 952µs
[info] GET /intents
[debug] Processing with HelloWorldWeb.IntentController.list/2
  Parameters: %{}
  Pipelines: [:browser]
[info] Retrieved intents from ETS: [%{id: "0ac0571d6ff0127f", status: "pending", timestamp: ~U[2025-03-09 02:54:28.381571Z], type: "transfer", source: "bob", target: "charlie", constraints: %{max_delay: 100, min_amount: 10}, amount: "10"}, %{id: "8701d6988841a949", status: "pending", timestamp: ~U[2025-03-09 02:54:10.380307Z], type: "transfer", source: "bob", target: "charlie", constraints: %{max_delay: 100, min_amount: 5}, amount: "5"}, %{id: "a95467bb341ae235", status: "pending", timestamp: ~U[2025-03-09 02:53:39.735235Z], type: "transfer", source: "alice", target: "bob", constraints: %{max_delay: 100, min_amount: 10}, amount: "10"}]
[info] Listing pending intents: [%{id: "0ac0571d6ff0127f", status: "pending", timestamp: ~U[2025-03-09 02:54:28.381571Z], type: "transfer", source: "bob", target: "charlie", constraints: %{max_delay: 100, min_amount: 10}, amount: "10"}, %{id: "8701d6988841a949", status: "pending", timestamp: ~U[2025-03-09 02:54:10.380307Z], type: "transfer", source: "bob", target: "charlie", constraints: %{max_delay: 100, min_amount: 5}, amount: "5"}, %{id: "a95467bb341ae235", status: "pending", timestamp: ~U[2025-03-09 02:53:39.735235Z], type: "transfer", source: "alice", target: "bob", constraints: %{max_delay: 100, min_amount: 10}, amount: "10"}]
[info] Listing matched intents: []
[info] Sent 200 in 959µs
[info] GET /intents
[debug] Processing with HelloWorldWeb.IntentController.list/2
  Parameters: %{}
  Pipelines: [:browser]
[info] Retrieved intents from ETS: [%{id: "0ac0571d6ff0127f", status: "pending", timestamp: ~U[2025-03-09 02:54:28.381571Z], type: "transfer", source: "bob", target: "charlie", constraints: %{max_delay: 100, min_amount: 10}, amount: "10"}, %{id: "8701d6988841a949", status: "pending", timestamp: ~U[2025-03-09 02:54:10.380307Z], type: "transfer", source: "bob", target: "charlie", constraints: %{max_delay: 100, min_amount: 5}, amount: "5"}, %{id: "a95467bb341ae235", status: "pending", timestamp: ~U[2025-03-09 02:53:39.735235Z], type: "transfer", source: "alice", target: "bob", constraints: %{max_delay: 100, min_amount: 10}, amount: "10"}]
[info] Listing pending intents: [%{id: "0ac0571d6ff0127f", status: "pending", timestamp: ~U[2025-03-09 02:54:28.381571Z], type: "transfer", source: "bob", target: "charlie", constraints: %{max_delay: 100, min_amount: 10}, amount: "10"}, %{id: "8701d6988841a949", status: "pending", timestamp: ~U[2025-03-09 02:54:10.380307Z], type: "transfer", source: "bob", target: "charlie", constraints: %{max_delay: 100, min_amount: 5}, amount: "5"}, %{id: "a95467bb341ae235", status: "pending", timestamp: ~U[2025-03-09 02:53:39.735235Z], type: "transfer", source: "alice", target: "bob", constraints: %{max_delay: 100, min_amount: 10}, amount: "10"}]
[info] Listing matched intents: []
[info] Sent 200 in 1ms
[info] GET /intents
[debug] Processing with HelloWorldWeb.IntentController.list/2
  Parameters: %{}
  Pipelines: [:browser]
[info] Retrieved intents from ETS: [%{id: "0ac0571d6ff0127f", status: "pending", timestamp: ~U[2025-03-09 02:54:28.381571Z], type: "transfer", source: "bob", target: "charlie", constraints: %{max_delay: 100, min_amount: 10}, amount: "10"}, %{id: "8701d6988841a949", status: "pending", timestamp: ~U[2025-03-09 02:54:10.380307Z], type: "transfer", source: "bob", target: "charlie", constraints: %{max_delay: 100, min_amount: 5}, amount: "5"}, %{id: "a95467bb341ae235", status: "pending", timestamp: ~U[2025-03-09 02:53:39.735235Z], type: "transfer", source: "alice", target: "bob", constraints: %{max_delay: 100, min_amount: 10}, amount: "10"}]
[info] Listing pending intents: [%{id: "0ac0571d6ff0127f", status: "pending", timestamp: ~U[2025-03-09 02:54:28.381571Z], type: "transfer", source: "bob", target: "charlie", constraints: %{max_delay: 100, min_amount: 10}, amount: "10"}, %{id: "8701d6988841a949", status: "pending", timestamp: ~U[2025-03-09 02:54:10.380307Z], type: "transfer", source: "bob", target: "charlie", constraints: %{max_delay: 100, min_amount: 5}, amount: "5"}, %{id: "a95467bb341ae235", status: "pending", timestamp: ~U[2025-03-09 02:53:39.735235Z], type: "transfer", source: "alice", target: "bob", constraints: %{max_delay: 100, min_amount: 10}, amount: "10"}]
[info] Listing matched intents: []
[info] Sent 200 in 1ms
[info] GET /intents
[debug] Processing with HelloWorldWeb.IntentController.list/2
  Parameters: %{}
  Pipelines: [:browser]
[info] Retrieved intents from ETS: [%{id: "0ac0571d6ff0127f", status: "pending", timestamp: ~U[2025-03-09 02:54:28.381571Z], type: "transfer", source: "bob", target: "charlie", constraints: %{max_delay: 100, min_amount: 10}, amount: "10"}, %{id: "8701d6988841a949", status: "pending", timestamp: ~U[2025-03-09 02:54:10.380307Z], type: "transfer", source: "bob", target: "charlie", constraints: %{max_delay: 100, min_amount: 5}, amount: "5"}, %{id: "a95467bb341ae235", status: "pending", timestamp: ~U[2025-03-09 02:53:39.735235Z], type: "transfer", source: "alice", target: "bob", constraints: %{max_delay: 100, min_amount: 10}, amount: "10"}]
[info] Listing pending intents: [%{id: "0ac0571d6ff0127f", status: "pending", timestamp: ~U[2025-03-09 02:54:28.381571Z], type: "transfer", source: "bob", target: "charlie", constraints: %{max_delay: 100, min_amount: 10}, amount: "10"}, %{id: "8701d6988841a949", status: "pending", timestamp: ~U[2025-03-09 02:54:10.380307Z], type: "transfer", source: "bob", target: "charlie", constraints: %{max_delay: 100, min_amount: 5}, amount: "5"}, %{id: "a95467bb341ae235", status: "pending", timestamp: ~U[2025-03-09 02:53:39.735235Z], type: "transfer", source: "alice", target: "bob", constraints: %{max_delay: 100, min_amount: 10}, amount: "10"}]
[info] Listing matched intents: []
[info] Sent 200 in 1ms
[info] GET /intents
[debug] Processing with HelloWorldWeb.IntentController.list/2
  Parameters: %{}
  Pipelines: [:browser]
[info] Retrieved intents from ETS: [%{id: "0ac0571d6ff0127f", status: "pending", timestamp: ~U[2025-03-09 02:54:28.381571Z], type: "transfer", source: "bob", target: "charlie", constraints: %{max_delay: 100, min_amount: 10}, amount: "10"}, %{id: "8701d6988841a949", status: "pending", timestamp: ~U[2025-03-09 02:54:10.380307Z], type: "transfer", source: "bob", target: "charlie", constraints: %{max_delay: 100, min_amount: 5}, amount: "5"}, %{id: "a95467bb341ae235", status: "pending", timestamp: ~U[2025-03-09 02:53:39.735235Z], type: "transfer", source: "alice", target: "bob", constraints: %{max_delay: 100, min_amount: 10}, amount: "10"}]
[info] Listing pending intents: [%{id: "0ac0571d6ff0127f", status: "pending", timestamp: ~U[2025-03-09 02:54:28.381571Z], type: "transfer", source: "bob", target: "charlie", constraints: %{max_delay: 100, min_amount: 10}, amount: "10"}, %{id: "8701d6988841a949", status: "pending", timestamp: ~U[2025-03-09 02:54:10.380307Z], type: "transfer", source: "bob", target: "charlie", constraints: %{max_delay: 100, min_amount: 5}, amount: "5"}, %{id: "a95467bb341ae235", status: "pending", timestamp: ~U[2025-03-09 02:53:39.735235Z], type: "transfer", source: "alice", target: "bob", constraints: %{max_delay: 100, min_amount: 10}, amount: "10"}]
[info] Listing matched intents: []
[info] Sent 200 in 878µs
[info] GET /intents
[debug] Processing with HelloWorldWeb.IntentController.list/2
  Parameters: %{}
  Pipelines: [:browser]
[info] Retrieved intents from ETS: [%{id: "0ac0571d6ff0127f", status: "pending", timestamp: ~U[2025-03-09 02:54:28.381571Z], type: "transfer", source: "bob", target: "charlie", constraints: %{max_delay: 100, min_amount: 10}, amount: "10"}, %{id: "8701d6988841a949", status: "pending", timestamp: ~U[2025-03-09 02:54:10.380307Z], type: "transfer", source: "bob", target: "charlie", constraints: %{max_delay: 100, min_amount: 5}, amount: "5"}, %{id: "a95467bb341ae235", status: "pending", timestamp: ~U[2025-03-09 02:53:39.735235Z], type: "transfer", source: "alice", target: "bob", constraints: %{max_delay: 100, min_amount: 10}, amount: "10"}]
[info] Listing pending intents: [%{id: "0ac0571d6ff0127f", status: "pending", timestamp: ~U[2025-03-09 02:54:28.381571Z], type: "transfer", source: "bob", target: "charlie", constraints: %{max_delay: 100, min_amount: 10}, amount: "10"}, %{id: "8701d6988841a949", status: "pending", timestamp: ~U[2025-03-09 02:54:10.380307Z], type: "transfer", source: "bob", target: "charlie", constraints: %{max_delay: 100, min_amount: 5}, amount: "5"}, %{id: "a95467bb341ae235", status: "pending", timestamp: ~U[2025-03-09 02:53:39.735235Z], type: "transfer", source: "alice", target: "bob", constraints: %{max_delay: 100, min_amount: 10}, amount: "10"}]
[info] Listing matched intents: []
[info] Sent 200 in 1ms
[info] GET /intents
[debug] Processing with HelloWorldWeb.IntentController.list/2
  Parameters: %{}
  Pipelines: [:browser]
[info] Retrieved intents from ETS: [%{id: "0ac0571d6ff0127f", status: "pending", timestamp: ~U[2025-03-09 02:54:28.381571Z], type: "transfer", source: "bob", target: "charlie", constraints: %{max_delay: 100, min_amount: 10}, amount: "10"}, %{id: "8701d6988841a949", status: "pending", timestamp: ~U[2025-03-09 02:54:10.380307Z], type: "transfer", source: "bob", target: "charlie", constraints: %{max_delay: 100, min_amount: 5}, amount: "5"}, %{id: "a95467bb341ae235", status: "pending", timestamp: ~U[2025-03-09 02:53:39.735235Z], type: "transfer", source: "alice", target: "bob", constraints: %{max_delay: 100, min_amount: 10}, amount: "10"}]
[info] Listing pending intents: [%{id: "0ac0571d6ff0127f", status: "pending", timestamp: ~U[2025-03-09 02:54:28.381571Z], type: "transfer", source: "bob", target: "charlie", constraints: %{max_delay: 100, min_amount: 10}, amount: "10"}, %{id: "8701d6988841a949", status: "pending", timestamp: ~U[2025-03-09 02:54:10.380307Z], type: "transfer", source: "bob", target: "charlie", constraints: %{max_delay: 100, min_amount: 5}, amount: "5"}, %{id: "a95467bb341ae235", status: "pending", timestamp: ~U[2025-03-09 02:53:39.735235Z], type: "transfer", source: "alice", target: "bob", constraints: %{max_delay: 100, min_amount: 10}, amount: "10"}]
[info] Listing matched intents: []
[info] Sent 200 in 872µs
[info] GET /intents
[debug] Processing with HelloWorldWeb.IntentController.list/2
  Parameters: %{}
  Pipelines: [:browser]
[info] Retrieved intents from ETS: [%{id: "0ac0571d6ff0127f", status: "pending", timestamp: ~U[2025-03-09 02:54:28.381571Z], type: "transfer", source: "bob", target: "charlie", constraints: %{max_delay: 100, min_amount: 10}, amount: "10"}, %{id: "8701d6988841a949", status: "pending", timestamp: ~U[2025-03-09 02:54:10.380307Z], type: "transfer", source: "bob", target: "charlie", constraints: %{max_delay: 100, min_amount: 5}, amount: "5"}, %{id: "a95467bb341ae235", status: "pending", timestamp: ~U[2025-03-09 02:53:39.735235Z], type: "transfer", source: "alice", target: "bob", constraints: %{max_delay: 100, min_amount: 10}, amount: "10"}]
[info] Listing pending intents: [%{id: "0ac0571d6ff0127f", status: "pending", timestamp: ~U[2025-03-09 02:54:28.381571Z], type: "transfer", source: "bob", target: "charlie", constraints: %{max_delay: 100, min_amount: 10}, amount: "10"}, %{id: "8701d6988841a949", status: "pending", timestamp: ~U[2025-03-09 02:54:10.380307Z], type: "transfer", source: "bob", target: "charlie", constraints: %{max_delay: 100, min_amount: 5}, amount: "5"}, %{id: "a95467bb341ae235", status: "pending", timestamp: ~U[2025-03-09 02:53:39.735235Z], type: "transfer", source: "alice", target: "bob", constraints: %{max_delay: 100, min_amount: 10}, amount: "10"}]
[info] Listing matched intents: []
[info] Sent 200 in 1ms
[info] GET /intents
[debug] Processing with HelloWorldWeb.IntentController.list/2
  Parameters: %{}
  Pipelines: [:browser]
[info] Retrieved intents from ETS: [%{id: "0ac0571d6ff0127f", status: "pending", timestamp: ~U[2025-03-09 02:54:28.381571Z], type: "transfer", source: "bob", target: "charlie", constraints: %{max_delay: 100, min_amount: 10}, amount: "10"}, %{id: "8701d6988841a949", status: "pending", timestamp: ~U[2025-03-09 02:54:10.380307Z], type: "transfer", source: "bob", target: "charlie", constraints: %{max_delay: 100, min_amount: 5}, amount: "5"}, %{id: "a95467bb341ae235", status: "pending", timestamp: ~U[2025-03-09 02:53:39.735235Z], type: "transfer", source: "alice", target: "bob", constraints: %{max_delay: 100, min_amount: 10}, amount: "10"}]
[info] Listing pending intents: [%{id: "0ac0571d6ff0127f", status: "pending", timestamp: ~U[2025-03-09 02:54:28.381571Z], type: "transfer", source: "bob", target: "charlie", constraints: %{max_delay: 100, min_amount: 10}, amount: "10"}, %{id: "8701d6988841a949", status: "pending", timestamp: ~U[2025-03-09 02:54:10.380307Z], type: "transfer", source: "bob", target: "charlie", constraints: %{max_delay: 100, min_amount: 5}, amount: "5"}, %{id: "a95467bb341ae235", status: "pending", timestamp: ~U[2025-03-09 02:53:39.735235Z], type: "transfer", source: "alice", target: "bob", constraints: %{max_delay: 100, min_amount: 10}, amount: "10"}]
[info] Listing matched intents: []
[info] Sent 200 in 2ms
[info] GET /intents
[debug] Processing with HelloWorldWeb.IntentController.list/2
  Parameters: %{}
  Pipelines: [:browser]
[info] Retrieved intents from ETS: [%{id: "0ac0571d6ff0127f", status: "pending", timestamp: ~U[2025-03-09 02:54:28.381571Z], type: "transfer", source: "bob", target: "charlie", constraints: %{max_delay: 100, min_amount: 10}, amount: "10"}, %{id: "8701d6988841a949", status: "pending", timestamp: ~U[2025-03-09 02:54:10.380307Z], type: "transfer", source: "bob", target: "charlie", constraints: %{max_delay: 100, min_amount: 5}, amount: "5"}, %{id: "a95467bb341ae235", status: "pending", timestamp: ~U[2025-03-09 02:53:39.735235Z], type: "transfer", source: "alice", target: "bob", constraints: %{max_delay: 100, min_amount: 10}, amount: "10"}]
[info] Listing pending intents: [%{id: "0ac0571d6ff0127f", status: "pending", timestamp: ~U[2025-03-09 02:54:28.381571Z], type: "transfer", source: "bob", target: "charlie", constraints: %{max_delay: 100, min_amount: 10}, amount: "10"}, %{id: "8701d6988841a949", status: "pending", timestamp: ~U[2025-03-09 02:54:10.380307Z], type: "transfer", source: "bob", target: "charlie", constraints: %{max_delay: 100, min_amount: 5}, amount: "5"}, %{id: "a95467bb341ae235", status: "pending", timestamp: ~U[2025-03-09 02:53:39.735235Z], type: "transfer", source: "alice", target: "bob", constraints: %{max_delay: 100, min_amount: 10}, amount: "10"}]
[info] Listing matched intents: []
[info] Sent 200 in 1ms
[info] GET /intents
[debug] Processing with HelloWorldWeb.IntentController.list/2
  Parameters: %{}
  Pipelines: [:browser]
[info] Retrieved intents from ETS: [%{id: "0ac0571d6ff0127f", status: "pending", timestamp: ~U[2025-03-09 02:54:28.381571Z], type: "transfer", source: "bob", target: "charlie", constraints: %{max_delay: 100, min_amount: 10}, amount: "10"}, %{id: "8701d6988841a949", status: "pending", timestamp: ~U[2025-03-09 02:54:10.380307Z], type: "transfer", source: "bob", target: "charlie", constraints: %{max_delay: 100, min_amount: 5}, amount: "5"}, %{id: "a95467bb341ae235", status: "pending", timestamp: ~U[2025-03-09 02:53:39.735235Z], type: "transfer", source: "alice", target: "bob", constraints: %{max_delay: 100, min_amount: 10}, amount: "10"}]
[info] Listing pending intents: [%{id: "0ac0571d6ff0127f", status: "pending", timestamp: ~U[2025-03-09 02:54:28.381571Z], type: "transfer", source: "bob", target: "charlie", constraints: %{max_delay: 100, min_amount: 10}, amount: "10"}, %{id: "8701d6988841a949", status: "pending", timestamp: ~U[2025-03-09 02:54:10.380307Z], type: "transfer", source: "bob", target: "charlie", constraints: %{max_delay: 100, min_amount: 5}, amount: "5"}, %{id: "a95467bb341ae235", status: "pending", timestamp: ~U[2025-03-09 02:53:39.735235Z], type: "transfer", source: "alice", target: "bob", constraints: %{max_delay: 100, min_amount: 10}, amount: "10"}]
[info] Listing matched intents: []
[info] Sent 200 in 812µs
[info] GET /intents
[debug] Processing with HelloWorldWeb.IntentController.list/2
  Parameters: %{}
  Pipelines: [:browser]
[info] Retrieved intents from ETS: [%{id: "0ac0571d6ff0127f", status: "pending", timestamp: ~U[2025-03-09 02:54:28.381571Z], type: "transfer", source: "bob", target: "charlie", constraints: %{max_delay: 100, min_amount: 10}, amount: "10"}, %{id: "8701d6988841a949", status: "pending", timestamp: ~U[2025-03-09 02:54:10.380307Z], type: "transfer", source: "bob", target: "charlie", constraints: %{max_delay: 100, min_amount: 5}, amount: "5"}, %{id: "a95467bb341ae235", status: "pending", timestamp: ~U[2025-03-09 02:53:39.735235Z], type: "transfer", source: "alice", target: "bob", constraints: %{max_delay: 100, min_amount: 10}, amount: "10"}]
[info] Listing pending intents: [%{id: "0ac0571d6ff0127f", status: "pending", timestamp: ~U[2025-03-09 02:54:28.381571Z], type: "transfer", source: "bob", target: "charlie", constraints: %{max_delay: 100, min_amount: 10}, amount: "10"}, %{id: "8701d6988841a949", status: "pending", timestamp: ~U[2025-03-09 02:54:10.380307Z], type: "transfer", source: "bob", target: "charlie", constraints: %{max_delay: 100, min_amount: 5}, amount: "5"}, %{id: "a95467bb341ae235", status: "pending", timestamp: ~U[2025-03-09 02:53:39.735235Z], type: "transfer", source: "alice", target: "bob", constraints: %{max_delay: 100, min_amount: 10}, amount: "10"}]
[info] Listing matched intents: []
[info] Sent 200 in 638µs
[info] GET /intents
[debug] Processing with HelloWorldWeb.IntentController.list/2
  Parameters: %{}
  Pipelines: [:browser]
[info] Retrieved intents from ETS: [%{id: "0ac0571d6ff0127f", status: "pending", timestamp: ~U[2025-03-09 02:54:28.381571Z], type: "transfer", source: "bob", target: "charlie", constraints: %{max_delay: 100, min_amount: 10}, amount: "10"}, %{id: "8701d6988841a949", status: "pending", timestamp: ~U[2025-03-09 02:54:10.380307Z], type: "transfer", source: "bob", target: "charlie", constraints: %{max_delay: 100, min_amount: 5}, amount: "5"}, %{id: "a95467bb341ae235", status: "pending", timestamp: ~U[2025-03-09 02:53:39.735235Z], type: "transfer", source: "alice", target: "bob", constraints: %{max_delay: 100, min_amount: 10}, amount: "10"}]
[info] Listing pending intents: [%{id: "0ac0571d6ff0127f", status: "pending", timestamp: ~U[2025-03-09 02:54:28.381571Z], type: "transfer", source: "bob", target: "charlie", constraints: %{max_delay: 100, min_amount: 10}, amount: "10"}, %{id: "8701d6988841a949", status: "pending", timestamp: ~U[2025-03-09 02:54:10.380307Z], type: "transfer", source: "bob", target: "charlie", constraints: %{max_delay: 100, min_amount: 5}, amount: "5"}, %{id: "a95467bb341ae235", status: "pending", timestamp: ~U[2025-03-09 02:53:39.735235Z], type: "transfer", source: "alice", target: "bob", constraints: %{max_delay: 100, min_amount: 10}, amount: "10"}]
[info] Listing matched intents: []
[info] Sent 200 in 953µs
[info] POST /intents
[debug] Processing with HelloWorldWeb.IntentController.create/2
  Parameters: %{"_csrf_token" => "LjwSNhs6fV93B3sbIQ9Wa2xuGhhkQjtgbLkgYL595JMzclfRT7ra64x2", "intent" => %{"amount" => "10", "source" => "bob", "target" => "alice"}}
  Pipelines: [:browser]
[info] Creating new intent with params: %{"amount" => "10", "source" => "bob", "target" => "alice"}
[info] Storing intent: %{id: "13af879cfe58b262", status: "pending", timestamp: ~U[2025-03-09 02:55:38.778010Z], type: "transfer", source: "bob", target: "alice", constraints: %{max_delay: 100, min_amount: 10}, amount: "10"}
[info] Storing intent in ETS: %{id: "13af879cfe58b262", status: "pending", timestamp: ~U[2025-03-09 02:55:38.778010Z], type: "transfer", source: "bob", target: "alice", constraints: %{max_delay: 100, min_amount: 10}, amount: "10"}
[info] Retrieved intents from ETS: [%{id: "0ac0571d6ff0127f", status: "pending", timestamp: ~U[2025-03-09 02:54:28.381571Z], type: "transfer", source: "bob", target: "charlie", constraints: %{max_delay: 100, min_amount: 10}, amount: "10"}, %{id: "8701d6988841a949", status: "pending", timestamp: ~U[2025-03-09 02:54:10.380307Z], type: "transfer", source: "bob", target: "charlie", constraints: %{max_delay: 100, min_amount: 5}, amount: "5"}, %{id: "a95467bb341ae235", status: "pending", timestamp: ~U[2025-03-09 02:53:39.735235Z], type: "transfer", source: "alice", target: "bob", constraints: %{max_delay: 100, min_amount: 10}, amount: "10"}, %{id: "13af879cfe58b262", status: "pending", timestamp: ~U[2025-03-09 02:55:38.778010Z], type: "transfer", source: "bob", target: "alice", constraints: %{max_delay: 100, min_amount: 10}, amount: "10"}]
[info] Checking for matches against existing intents: [%{id: "0ac0571d6ff0127f", status: "pending", timestamp: ~U[2025-03-09 02:54:28.381571Z], type: "transfer", source: "bob", target: "charlie", constraints: %{max_delay: 100, min_amount: 10}, amount: "10"}, %{id: "8701d6988841a949", status: "pending", timestamp: ~U[2025-03-09 02:54:10.380307Z], type: "transfer", source: "bob", target: "charlie", constraints: %{max_delay: 100, min_amount: 5}, amount: "5"}, %{id: "a95467bb341ae235", status: "pending", timestamp: ~U[2025-03-09 02:53:39.735235Z], type: "transfer", source: "alice", target: "bob", constraints: %{max_delay: 100, min_amount: 10}, amount: "10"}, %{id: "13af879cfe58b262", status: "pending", timestamp: ~U[2025-03-09 02:55:38.778010Z], type: "transfer", source: "bob", target: "alice", constraints: %{max_delay: 100, min_amount: 10}, amount: "10"}]
[info] Checking intent 0ac0571d6ff0127f against 13af879cfe58b262: false
[info] Checking intent 8701d6988841a949 against 13af879cfe58b262: false
[info] Checking intent a95467bb341ae235 against 13af879cfe58b262: true
[info] Found matching intent: %{id: "a95467bb341ae235", status: "pending", timestamp: ~U[2025-03-09 02:53:39.735235Z], type: "transfer", source: "alice", target: "bob", constraints: %{max_delay: 100, min_amount: 10}, amount: "10"}
[info] Storing intent in ETS: %{id: "a95467bb341ae235", status: "matched", timestamp: ~U[2025-03-09 02:53:39.735235Z], type: "transfer", source: "alice", target: "bob", constraints: %{max_delay: 100, min_amount: 10}, amount: "10"}
[info] Storing intent in ETS: %{id: "13af879cfe58b262", status: "matched", timestamp: ~U[2025-03-09 02:55:38.778010Z], type: "transfer", source: "bob", target: "alice", constraints: %{max_delay: 100, min_amount: 10}, amount: "10"}
[info] Matched intents: 13af879cfe58b262 with a95467bb341ae235
[info] Sent 200 in 1ms
[info] GET /intents
[debug] Processing with HelloWorldWeb.IntentController.list/2
  Parameters: %{}
  Pipelines: [:browser]
[info] Retrieved intents from ETS: [%{id: "0ac0571d6ff0127f", status: "pending", timestamp: ~U[2025-03-09 02:54:28.381571Z], type: "transfer", source: "bob", target: "charlie", constraints: %{max_delay: 100, min_amount: 10}, amount: "10"}, %{id: "8701d6988841a949", status: "pending", timestamp: ~U[2025-03-09 02:54:10.380307Z], type: "transfer", source: "bob", target: "charlie", constraints: %{max_delay: 100, min_amount: 5}, amount: "5"}, %{id: "a95467bb341ae235", status: "matched", timestamp: ~U[2025-03-09 02:53:39.735235Z], type: "transfer", source: "alice", target: "bob", constraints: %{max_delay: 100, min_amount: 10}, amount: "10"}, %{id: "13af879cfe58b262", status: "matched", timestamp: ~U[2025-03-09 02:55:38.778010Z], type: "transfer", source: "bob", target: "alice", constraints: %{max_delay: 100, min_amount: 10}, amount: "10"}]
[info] Listing pending intents: [%{id: "0ac0571d6ff0127f", status: "pending", timestamp: ~U[2025-03-09 02:54:28.381571Z], type: "transfer", source: "bob", target: "charlie", constraints: %{max_delay: 100, min_amount: 10}, amount: "10"}, %{id: "8701d6988841a949", status: "pending", timestamp: ~U[2025-03-09 02:54:10.380307Z], type: "transfer", source: "bob", target: "charlie", constraints: %{max_delay: 100, min_amount: 5}, amount: "5"}]
[info] Listing matched intents: [%{id: "13af879cfe58b262", status: "matched", timestamp: ~U[2025-03-09 02:55:38.778010Z], type: "transfer", source: "bob", target: "alice", constraints: %{max_delay: 100, min_amount: 10}, amount: "10"}, %{id: "a95467bb341ae235", status: "matched", timestamp: ~U[2025-03-09 02:53:39.735235Z], type: "transfer", source: "alice", target: "bob", constraints: %{max_delay: 100, min_amount: 10}, amount: "10"}]
[info] Sent 200 in 1ms
[info] GET /intents
[debug] Processing with HelloWorldWeb.IntentController.list/2
  Parameters: %{}
  Pipelines: [:browser]
[info] Retrieved intents from ETS: [%{id: "0ac0571d6ff0127f", status: "pending", timestamp: ~U[2025-03-09 02:54:28.381571Z], type: "transfer", source: "bob", target: "charlie", constraints: %{max_delay: 100, min_amount: 10}, amount: "10"}, %{id: "8701d6988841a949", status: "pending", timestamp: ~U[2025-03-09 02:54:10.380307Z], type: "transfer", source: "bob", target: "charlie", constraints: %{max_delay: 100, min_amount: 5}, amount: "5"}, %{id: "a95467bb341ae235", status: "matched", timestamp: ~U[2025-03-09 02:53:39.735235Z], type: "transfer", source: "alice", target: "bob", constraints: %{max_delay: 100, min_amount: 10}, amount: "10"}, %{id: "13af879cfe58b262", status: "matched", timestamp: ~U[2025-03-09 02:55:38.778010Z], type: "transfer", source: "bob", target: "alice", constraints: %{max_delay: 100, min_amount: 10}, amount: "10"}]
[info] Listing pending intents: [%{id: "0ac0571d6ff0127f", status: "pending", timestamp: ~U[2025-03-09 02:54:28.381571Z], type: "transfer", source: "bob", target: "charlie", constraints: %{max_delay: 100, min_amount: 10}, amount: "10"}, %{id: "8701d6988841a949", status: "pending", timestamp: ~U[2025-03-09 02:54:10.380307Z], type: "transfer", source: "bob", target: "charlie", constraints: %{max_delay: 100, min_amount: 5}, amount: "5"}]
[info] Listing matched intents: [%{id: "13af879cfe58b262", status: "matched", timestamp: ~U[2025-03-09 02:55:38.778010Z], type: "transfer", source: "bob", target: "alice", constraints: %{max_delay: 100, min_amount: 10}, amount: "10"}, %{id: "a95467bb341ae235", status: "matched", timestamp: ~U[2025-03-09 02:53:39.735235Z], type: "transfer", source: "alice", target: "bob", constraints: %{max_delay: 100, min_amount: 10}, amount: "10"}]
[info] Sent 200 in 1ms
[info] GET /intents
[debug] Processing with HelloWorldWeb.IntentController.list/2
  Parameters: %{}
  Pipelines: [:browser]
[info] Retrieved intents from ETS: [%{id: "0ac0571d6ff0127f", status: "pending", timestamp: ~U[2025-03-09 02:54:28.381571Z], type: "transfer", source: "bob", target: "charlie", constraints: %{max_delay: 100, min_amount: 10}, amount: "10"}, %{id: "8701d6988841a949", status: "pending", timestamp: ~U[2025-03-09 02:54:10.380307Z], type: "transfer", source: "bob", target: "charlie", constraints: %{max_delay: 100, min_amount: 5}, amount: "5"}, %{id: "a95467bb341ae235", status: "matched", timestamp: ~U[2025-03-09 02:53:39.735235Z], type: "transfer", source: "alice", target: "bob", constraints: %{max_delay: 100, min_amount: 10}, amount: "10"}, %{id: "13af879cfe58b262", status: "matched", timestamp: ~U[2025-03-09 02:55:38.778010Z], type: "transfer", source: "bob", target: "alice", constraints: %{max_delay: 100, min_amount: 10}, amount: "10"}]
[info] Listing pending intents: [%{id: "0ac0571d6ff0127f", status: "pending", timestamp: ~U[2025-03-09 02:54:28.381571Z], type: "transfer", source: "bob", target: "charlie", constraints: %{max_delay: 100, min_amount: 10}, amount: "10"}, %{id: "8701d6988841a949", status: "pending", timestamp: ~U[2025-03-09 02:54:10.380307Z], type: "transfer", source: "bob", target: "charlie", constraints: %{max_delay: 100, min_amount: 5}, amount: "5"}]
[info] Listing matched intents: [%{id: "13af879cfe58b262", status: "matched", timestamp: ~U[2025-03-09 02:55:38.778010Z], type: "transfer", source: "bob", target: "alice", constraints: %{max_delay: 100, min_amount: 10}, amount: "10"}, %{id: "a95467bb341ae235", status: "matched", timestamp: ~U[2025-03-09 02:53:39.735235Z], type: "transfer", source: "alice", target: "bob", constraints: %{max_delay: 100, min_amount: 10}, amount: "10"}]
[info] Sent 200 in 1ms
[info] GET /intents
[debug] Processing with HelloWorldWeb.IntentController.list/2
  Parameters: %{}
  Pipelines: [:browser]
[info] Retrieved intents from ETS: [%{id: "0ac0571d6ff0127f", status: "pending", timestamp: ~U[2025-03-09 02:54:28.381571Z], type: "transfer", source: "bob", target: "charlie", constraints: %{max_delay: 100, min_amount: 10}, amount: "10"}, %{id: "8701d6988841a949", status: "pending", timestamp: ~U[2025-03-09 02:54:10.380307Z], type: "transfer", source: "bob", target: "charlie", constraints: %{max_delay: 100, min_amount: 5}, amount: "5"}, %{id: "a95467bb341ae235", status: "matched", timestamp: ~U[2025-03-09 02:53:39.735235Z], type: "transfer", source: "alice", target: "bob", constraints: %{max_delay: 100, min_amount: 10}, amount: "10"}, %{id: "13af879cfe58b262", status: "matched", timestamp: ~U[2025-03-09 02:55:38.778010Z], type: "transfer", source: "bob", target: "alice", constraints: %{max_delay: 100, min_amount: 10}, amount: "10"}]
[info] Listing pending intents: [%{id: "0ac0571d6ff0127f", status: "pending", timestamp: ~U[2025-03-09 02:54:28.381571Z], type: "transfer", source: "bob", target: "charlie", constraints: %{max_delay: 100, min_amount: 10}, amount: "10"}, %{id: "8701d6988841a949", status: "pending", timestamp: ~U[2025-03-09 02:54:10.380307Z], type: "transfer", source: "bob", target: "charlie", constraints: %{max_delay: 100, min_amount: 5}, amount: "5"}]
[info] Listing matched intents: [%{id: "13af879cfe58b262", status: "matched", timestamp: ~U[2025-03-09 02:55:38.778010Z], type: "transfer", source: "bob", target: "alice", constraints: %{max_delay: 100, min_amount: 10}, amount: "10"}, %{id: "a95467bb341ae235", status: "matched", timestamp: ~U[2025-03-09 02:53:39.735235Z], type: "transfer", source: "alice", target: "bob", constraints: %{max_delay: 100, min_amount: 10}, amount: "10"}]
[info] Sent 200 in 1ms
[info] GET /intents
[debug] Processing with HelloWorldWeb.IntentController.list/2
  Parameters: %{}
  Pipelines: [:browser]
[info] Retrieved intents from ETS: [%{id: "0ac0571d6ff0127f", status: "pending", timestamp: ~U[2025-03-09 02:54:28.381571Z], type: "transfer", source: "bob", target: "charlie", constraints: %{max_delay: 100, min_amount: 10}, amount: "10"}, %{id: "8701d6988841a949", status: "pending", timestamp: ~U[2025-03-09 02:54:10.380307Z], type: "transfer", source: "bob", target: "charlie", constraints: %{max_delay: 100, min_amount: 5}, amount: "5"}, %{id: "a95467bb341ae235", status: "matched", timestamp: ~U[2025-03-09 02:53:39.735235Z], type: "transfer", source: "alice", target: "bob", constraints: %{max_delay: 100, min_amount: 10}, amount: "10"}, %{id: "13af879cfe58b262", status: "matched", timestamp: ~U[2025-03-09 02:55:38.778010Z], type: "transfer", source: "bob", target: "alice", constraints: %{max_delay: 100, min_amount: 10}, amount: "10"}]
[info] Listing pending intents: [%{id: "0ac0571d6ff0127f", status: "pending", timestamp: ~U[2025-03-09 02:54:28.381571Z], type: "transfer", source: "bob", target: "charlie", constraints: %{max_delay: 100, min_amount: 10}, amount: "10"}, %{id: "8701d6988841a949", status: "pending", timestamp: ~U[2025-03-09 02:54:10.380307Z], type: "transfer", source: "bob", target: "charlie", constraints: %{max_delay: 100, min_amount: 5}, amount: "5"}]
[info] Listing matched intents: [%{id: "13af879cfe58b262", status: "matched", timestamp: ~U[2025-03-09 02:55:38.778010Z], type: "transfer", source: "bob", target: "alice", constraints: %{max_delay: 100, min_amount: 10}, amount: "10"}, %{id: "a95467bb341ae235", status: "matched", timestamp: ~U[2025-03-09 02:53:39.735235Z], type: "transfer", source: "alice", target: "bob", constraints: %{max_delay: 100, min_amount: 10}, amount: "10"}]
[info] Sent 200 in 792µs
[info] GET /intents
[debug] Processing with HelloWorldWeb.IntentController.list/2
  Parameters: %{}
  Pipelines: [:browser]
[info] Retrieved intents from ETS: [%{id: "0ac0571d6ff0127f", status: "pending", timestamp: ~U[2025-03-09 02:54:28.381571Z], type: "transfer", source: "bob", target: "charlie", constraints: %{max_delay: 100, min_amount: 10}, amount: "10"}, %{id: "8701d6988841a949", status: "pending", timestamp: ~U[2025-03-09 02:54:10.380307Z], type: "transfer", source: "bob", target: "charlie", constraints: %{max_delay: 100, min_amount: 5}, amount: "5"}, %{id: "a95467bb341ae235", status: "matched", timestamp: ~U[2025-03-09 02:53:39.735235Z], type: "transfer", source: "alice", target: "bob", constraints: %{max_delay: 100, min_amount: 10}, amount: "10"}, %{id: "13af879cfe58b262", status: "matched", timestamp: ~U[2025-03-09 02:55:38.778010Z], type: "transfer", source: "bob", target: "alice", constraints: %{max_delay: 100, min_amount: 10}, amount: "10"}]
[info] Listing pending intents: [%{id: "0ac0571d6ff0127f", status: "pending", timestamp: ~U[2025-03-09 02:54:28.381571Z], type: "transfer", source: "bob", target: "charlie", constraints: %{max_delay: 100, min_amount: 10}, amount: "10"}, %{id: "8701d6988841a949", status: "pending", timestamp: ~U[2025-03-09 02:54:10.380307Z], type: "transfer", source: "bob", target: "charlie", constraints: %{max_delay: 100, min_amount: 5}, amount: "5"}]
[info] Listing matched intents: [%{id: "13af879cfe58b262", status: "matched", timestamp: ~U[2025-03-09 02:55:38.778010Z], type: "transfer", source: "bob", target: "alice", constraints: %{max_delay: 100, min_amount: 10}, amount: "10"}, %{id: "a95467bb341ae235", status: "matched", timestamp: ~U[2025-03-09 02:53:39.735235Z], type: "transfer", source: "alice", target: "bob", constraints: %{max_delay: 100, min_amount: 10}, amount: "10"}]
[info] Sent 200 in 884µs
[info] GET /intents
[debug] Processing with HelloWorldWeb.IntentController.list/2
  Parameters: %{}
  Pipelines: [:browser]
[info] Retrieved intents from ETS: [%{id: "0ac0571d6ff0127f", status: "pending", timestamp: ~U[2025-03-09 02:54:28.381571Z], type: "transfer", source: "bob", target: "charlie", constraints: %{max_delay: 100, min_amount: 10}, amount: "10"}, %{id: "8701d6988841a949", status: "pending", timestamp: ~U[2025-03-09 02:54:10.380307Z], type: "transfer", source: "bob", target: "charlie", constraints: %{max_delay: 100, min_amount: 5}, amount: "5"}, %{id: "a95467bb341ae235", status: "matched", timestamp: ~U[2025-03-09 02:53:39.735235Z], type: "transfer", source: "alice", target: "bob", constraints: %{max_delay: 100, min_amount: 10}, amount: "10"}, %{id: "13af879cfe58b262", status: "matched", timestamp: ~U[2025-03-09 02:55:38.778010Z], type: "transfer", source: "bob", target: "alice", constraints: %{max_delay: 100, min_amount: 10}, amount: "10"}]
[info] Listing pending intents: [%{id: "0ac0571d6ff0127f", status: "pending", timestamp: ~U[2025-03-09 02:54:28.381571Z], type: "transfer", source: "bob", target: "charlie", constraints: %{max_delay: 100, min_amount: 10}, amount: "10"}, %{id: "8701d6988841a949", status: "pending", timestamp: ~U[2025-03-09 02:54:10.380307Z], type: "transfer", source: "bob", target: "charlie", constraints: %{max_delay: 100, min_amount: 5}, amount: "5"}]
[info] Listing matched intents: [%{id: "13af879cfe58b262", status: "matched", timestamp: ~U[2025-03-09 02:55:38.778010Z], type: "transfer", source: "bob", target: "alice", constraints: %{max_delay: 100, min_amount: 10}, amount: "10"}, %{id: "a95467bb341ae235", status: "matched", timestamp: ~U[2025-03-09 02:53:39.735235Z], type: "transfer", source: "alice", target: "bob", constraints: %{max_delay: 100, min_amount: 10}, amount: "10"}]
[info] Sent 200 in 1ms
[info] GET /intents
[debug] Processing with HelloWorldWeb.IntentController.list/2
  Parameters: %{}
  Pipelines: [:browser]
[info] Retrieved intents from ETS: [%{id: "0ac0571d6ff0127f", status: "pending", timestamp: ~U[2025-03-09 02:54:28.381571Z], type: "transfer", source: "bob", target: "charlie", constraints: %{max_delay: 100, min_amount: 10}, amount: "10"}, %{id: "8701d6988841a949", status: "pending", timestamp: ~U[2025-03-09 02:54:10.380307Z], type: "transfer", source: "bob", target: "charlie", constraints: %{max_delay: 100, min_amount: 5}, amount: "5"}, %{id: "a95467bb341ae235", status: "matched", timestamp: ~U[2025-03-09 02:53:39.735235Z], type: "transfer", source: "alice", target: "bob", constraints: %{max_delay: 100, min_amount: 10}, amount: "10"}, %{id: "13af879cfe58b262", status: "matched", timestamp: ~U[2025-03-09 02:55:38.778010Z], type: "transfer", source: "bob", target: "alice", constraints: %{max_delay: 100, min_amount: 10}, amount: "10"}]
[info] Listing pending intents: [%{id: "0ac0571d6ff0127f", status: "pending", timestamp: ~U[2025-03-09 02:54:28.381571Z], type: "transfer", source: "bob", target: "charlie", constraints: %{max_delay: 100, min_amount: 10}, amount: "10"}, %{id: "8701d6988841a949", status: "pending", timestamp: ~U[2025-03-09 02:54:10.380307Z], type: "transfer", source: "bob", target: "charlie", constraints: %{max_delay: 100, min_amount: 5}, amount: "5"}]
[info] Listing matched intents: [%{id: "13af879cfe58b262", status: "matched", timestamp: ~U[2025-03-09 02:55:38.778010Z], type: "transfer", source: "bob", target: "alice", constraints: %{max_delay: 100, min_amount: 10}, amount: "10"}, %{id: "a95467bb341ae235", status: "matched", timestamp: ~U[2025-03-09 02:53:39.735235Z], type: "transfer", source: "alice", target: "bob", constraints: %{max_delay: 100, min_amount: 10}, amount: "10"}]
[info] Sent 200 in 1ms
[info] GET /intents
[debug] Processing with HelloWorldWeb.IntentController.list/2
  Parameters: %{}
  Pipelines: [:browser]
[info] Retrieved intents from ETS: [%{id: "0ac0571d6ff0127f", status: "pending", timestamp: ~U[2025-03-09 02:54:28.381571Z], type: "transfer", source: "bob", target: "charlie", constraints: %{max_delay: 100, min_amount: 10}, amount: "10"}, %{id: "8701d6988841a949", status: "pending", timestamp: ~U[2025-03-09 02:54:10.380307Z], type: "transfer", source: "bob", target: "charlie", constraints: %{max_delay: 100, min_amount: 5}, amount: "5"}, %{id: "a95467bb341ae235", status: "matched", timestamp: ~U[2025-03-09 02:53:39.735235Z], type: "transfer", source: "alice", target: "bob", constraints: %{max_delay: 100, min_amount: 10}, amount: "10"}, %{id: "13af879cfe58b262", status: "matched", timestamp: ~U[2025-03-09 02:55:38.778010Z], type: "transfer", source: "bob", target: "alice", constraints: %{max_delay: 100, min_amount: 10}, amount: "10"}]
[info] Listing pending intents: [%{id: "0ac0571d6ff0127f", status: "pending", timestamp: ~U[2025-03-09 02:54:28.381571Z], type: "transfer", source: "bob", target: "charlie", constraints: %{max_delay: 100, min_amount: 10}, amount: "10"}, %{id: "8701d6988841a949", status: "pending", timestamp: ~U[2025-03-09 02:54:10.380307Z], type: "transfer", source: "bob", target: "charlie", constraints: %{max_delay: 100, min_amount: 5}, amount: "5"}]
[info] Listing matched intents: [%{id: "13af879cfe58b262", status: "matched", timestamp: ~U[2025-03-09 02:55:38.778010Z], type: "transfer", source: "bob", target: "alice", constraints: %{max_delay: 100, min_amount: 10}, amount: "10"}, %{id: "a95467bb341ae235", status: "matched", timestamp: ~U[2025-03-09 02:53:39.735235Z], type: "transfer", source: "alice", target: "bob", constraints: %{max_delay: 100, min_amount: 10}, amount: "10"}]
[info] Sent 200 in 904µs
[info] GET /intents
[debug] Processing with HelloWorldWeb.IntentController.list/2
  Parameters: %{}
  Pipelines: [:browser]
[info] Retrieved intents from ETS: [%{id: "0ac0571d6ff0127f", status: "pending", timestamp: ~U[2025-03-09 02:54:28.381571Z], type: "transfer", source: "bob", target: "charlie", constraints: %{max_delay: 100, min_amount: 10}, amount: "10"}, %{id: "8701d6988841a949", status: "pending", timestamp: ~U[2025-03-09 02:54:10.380307Z], type: "transfer", source: "bob", target: "charlie", constraints: %{max_delay: 100, min_amount: 5}, amount: "5"}, %{id: "a95467bb341ae235", status: "matched", timestamp: ~U[2025-03-09 02:53:39.735235Z], type: "transfer", source: "alice", target: "bob", constraints: %{max_delay: 100, min_amount: 10}, amount: "10"}, %{id: "13af879cfe58b262", status: "matched", timestamp: ~U[2025-03-09 02:55:38.778010Z], type: "transfer", source: "bob", target: "alice", constraints: %{max_delay: 100, min_amount: 10}, amount: "10"}]
[info] Listing pending intents: [%{id: "0ac0571d6ff0127f", status: "pending", timestamp: ~U[2025-03-09 02:54:28.381571Z], type: "transfer", source: "bob", target: "charlie", constraints: %{max_delay: 100, min_amount: 10}, amount: "10"}, %{id: "8701d6988841a949", status: "pending", timestamp: ~U[2025-03-09 02:54:10.380307Z], type: "transfer", source: "bob", target: "charlie", constraints: %{max_delay: 100, min_amount: 5}, amount: "5"}]
[info] Listing matched intents: [%{id: "13af879cfe58b262", status: "matched", timestamp: ~U[2025-03-09 02:55:38.778010Z], type: "transfer", source: "bob", target: "alice", constraints: %{max_delay: 100, min_amount: 10}, amount: "10"}, %{id: "a95467bb341ae235", status: "matched", timestamp: ~U[2025-03-09 02:53:39.735235Z], type: "transfer", source: "alice", target: "bob", constraints: %{max_delay: 100, min_amount: 10}, amount: "10"}]
[info] Sent 200 in 956µs
[info] GET /intents
[debug] Processing with HelloWorldWeb.IntentController.list/2
  Parameters: %{}
  Pipelines: [:browser]
[info] Retrieved intents from ETS: [%{id: "0ac0571d6ff0127f", status: "pending", timestamp: ~U[2025-03-09 02:54:28.381571Z], type: "transfer", source: "bob", target: "charlie", constraints: %{max_delay: 100, min_amount: 10}, amount: "10"}, %{id: "8701d6988841a949", status: "pending", timestamp: ~U[2025-03-09 02:54:10.380307Z], type: "transfer", source: "bob", target: "charlie", constraints: %{max_delay: 100, min_amount: 5}, amount: "5"}, %{id: "a95467bb341ae235", status: "matched", timestamp: ~U[2025-03-09 02:53:39.735235Z], type: "transfer", source: "alice", target: "bob", constraints: %{max_delay: 100, min_amount: 10}, amount: "10"}, %{id: "13af879cfe58b262", status: "matched", timestamp: ~U[2025-03-09 02:55:38.778010Z], type: "transfer", source: "bob", target: "alice", constraints: %{max_delay: 100, min_amount: 10}, amount: "10"}]
[info] Listing pending intents: [%{id: "0ac0571d6ff0127f", status: "pending", timestamp: ~U[2025-03-09 02:54:28.381571Z], type: "transfer", source: "bob", target: "charlie", constraints: %{max_delay: 100, min_amount: 10}, amount: "10"}, %{id: "8701d6988841a949", status: "pending", timestamp: ~U[2025-03-09 02:54:10.380307Z], type: "transfer", source: "bob", target: "charlie", constraints: %{max_delay: 100, min_amount: 5}, amount: "5"}]
[info] Listing matched intents: [%{id: "13af879cfe58b262", status: "matched", timestamp: ~U[2025-03-09 02:55:38.778010Z], type: "transfer", source: "bob", target: "alice", constraints: %{max_delay: 100, min_amount: 10}, amount: "10"}, %{id: "a95467bb341ae235", status: "matched", timestamp: ~U[2025-03-09 02:53:39.735235Z], type: "transfer", source: "alice", target: "bob", constraints: %{max_delay: 100, min_amount: 10}, amount: "10"}]
[info] Sent 200 in 2ms
[info] POST /intents
[debug] Processing with HelloWorldWeb.IntentController.create/2
  Parameters: %{"_csrf_token" => "LjwSNhs6fV93B3sbIQ9Wa2xuGhhkQjtgbLkgYL595JMzclfRT7ra64x2", "intent" => %{"amount" => "3", "source" => "charlie", "target" => "alice"}}
  Pipelines: [:browser]
[info] Creating new intent with params: %{"amount" => "3", "source" => "charlie", "target" => "alice"}
[info] Storing intent: %{id: "adb6bf4e0b7d0ffe", status: "pending", timestamp: ~U[2025-03-09 02:56:36.195334Z], type: "transfer", source: "charlie", target: "alice", constraints: %{max_delay: 100, min_amount: 3}, amount: "3"}
[info] Storing intent in ETS: %{id: "adb6bf4e0b7d0ffe", status: "pending", timestamp: ~U[2025-03-09 02:56:36.195334Z], type: "transfer", source: "charlie", target: "alice", constraints: %{max_delay: 100, min_amount: 3}, amount: "3"}
[info] Retrieved intents from ETS: [%{id: "0ac0571d6ff0127f", status: "pending", timestamp: ~U[2025-03-09 02:54:28.381571Z], type: "transfer", source: "bob", target: "charlie", constraints: %{max_delay: 100, min_amount: 10}, amount: "10"}, %{id: "8701d6988841a949", status: "pending", timestamp: ~U[2025-03-09 02:54:10.380307Z], type: "transfer", source: "bob", target: "charlie", constraints: %{max_delay: 100, min_amount: 5}, amount: "5"}, %{id: "a95467bb341ae235", status: "matched", timestamp: ~U[2025-03-09 02:53:39.735235Z], type: "transfer", source: "alice", target: "bob", constraints: %{max_delay: 100, min_amount: 10}, amount: "10"}, %{id: "13af879cfe58b262", status: "matched", timestamp: ~U[2025-03-09 02:55:38.778010Z], type: "transfer", source: "bob", target: "alice", constraints: %{max_delay: 100, min_amount: 10}, amount: "10"}, %{id: "adb6bf4e0b7d0ffe", status: "pending", timestamp: ~U[2025-03-09 02:56:36.195334Z], type: "transfer", source: "charlie", target: "alice", constraints: %{max_delay: 100, min_amount: 3}, amount: "3"}]
[info] Checking for matches against existing intents: [%{id: "0ac0571d6ff0127f", status: "pending", timestamp: ~U[2025-03-09 02:54:28.381571Z], type: "transfer", source: "bob", target: "charlie", constraints: %{max_delay: 100, min_amount: 10}, amount: "10"}, %{id: "8701d6988841a949", status: "pending", timestamp: ~U[2025-03-09 02:54:10.380307Z], type: "transfer", source: "bob", target: "charlie", constraints: %{max_delay: 100, min_amount: 5}, amount: "5"}, %{id: "a95467bb341ae235", status: "matched", timestamp: ~U[2025-03-09 02:53:39.735235Z], type: "transfer", source: "alice", target: "bob", constraints: %{max_delay: 100, min_amount: 10}, amount: "10"}, %{id: "13af879cfe58b262", status: "matched", timestamp: ~U[2025-03-09 02:55:38.778010Z], type: "transfer", source: "bob", target: "alice", constraints: %{max_delay: 100, min_amount: 10}, amount: "10"}, %{id: "adb6bf4e0b7d0ffe", status: "pending", timestamp: ~U[2025-03-09 02:56:36.195334Z], type: "transfer", source: "charlie", target: "alice", constraints: %{max_delay: 100, min_amount: 3}, amount: "3"}]
[info] Checking intent 0ac0571d6ff0127f against adb6bf4e0b7d0ffe: false
[info] Checking intent 8701d6988841a949 against adb6bf4e0b7d0ffe: false
[info] Checking intent a95467bb341ae235 against adb6bf4e0b7d0ffe: false
[info] Checking intent 13af879cfe58b262 against adb6bf4e0b7d0ffe: false
[info] Checking intent adb6bf4e0b7d0ffe against adb6bf4e0b7d0ffe: false
[info] No matching intent found
[info] Sent 200 in 2ms
[info] GET /intents
[debug] Processing with HelloWorldWeb.IntentController.list/2
  Parameters: %{}
  Pipelines: [:browser]
[info] Retrieved intents from ETS: [%{id: "0ac0571d6ff0127f", status: "pending", timestamp: ~U[2025-03-09 02:54:28.381571Z], type: "transfer", source: "bob", target: "charlie", constraints: %{max_delay: 100, min_amount: 10}, amount: "10"}, %{id: "8701d6988841a949", status: "pending", timestamp: ~U[2025-03-09 02:54:10.380307Z], type: "transfer", source: "bob", target: "charlie", constraints: %{max_delay: 100, min_amount: 5}, amount: "5"}, %{id: "a95467bb341ae235", status: "matched", timestamp: ~U[2025-03-09 02:53:39.735235Z], type: "transfer", source: "alice", target: "bob", constraints: %{max_delay: 100, min_amount: 10}, amount: "10"}, %{id: "13af879cfe58b262", status: "matched", timestamp: ~U[2025-03-09 02:55:38.778010Z], type: "transfer", source: "bob", target: "alice", constraints: %{max_delay: 100, min_amount: 10}, amount: "10"}, %{id: "adb6bf4e0b7d0ffe", status: "pending", timestamp: ~U[2025-03-09 02:56:36.195334Z], type: "transfer", source: "charlie", target: "alice", constraints: %{max_delay: 100, min_amount: 3}, amount: "3"}]
[info] Listing pending intents: [%{id: "0ac0571d6ff0127f", status: "pending", timestamp: ~U[2025-03-09 02:54:28.381571Z], type: "transfer", source: "bob", target: "charlie", constraints: %{max_delay: 100, min_amount: 10}, amount: "10"}, %{id: "8701d6988841a949", status: "pending", timestamp: ~U[2025-03-09 02:54:10.380307Z], type: "transfer", source: "bob", target: "charlie", constraints: %{max_delay: 100, min_amount: 5}, amount: "5"}, %{id: "adb6bf4e0b7d0ffe", status: "pending", timestamp: ~U[2025-03-09 02:56:36.195334Z], type: "transfer", source: "charlie", target: "alice", constraints: %{max_delay: 100, min_amount: 3}, amount: "3"}]
[info] Listing matched intents: [%{id: "13af879cfe58b262", status: "matched", timestamp: ~U[2025-03-09 02:55:38.778010Z], type: "transfer", source: "bob", target: "alice", constraints: %{max_delay: 100, min_amount: 10}, amount: "10"}, %{id: "a95467bb341ae235", status: "matched", timestamp: ~U[2025-03-09 02:53:39.735235Z], type: "transfer", source: "alice", target: "bob", constraints: %{max_delay: 100, min_amount: 10}, amount: "10"}]
[info] Sent 200 in 975µs
[info] GET /intents
[debug] Processing with HelloWorldWeb.IntentController.list/2
  Parameters: %{}
  Pipelines: [:browser]
[info] Retrieved intents from ETS: [%{id: "0ac0571d6ff0127f", status: "pending", timestamp: ~U[2025-03-09 02:54:28.381571Z], type: "transfer", source: "bob", target: "charlie", constraints: %{max_delay: 100, min_amount: 10}, amount: "10"}, %{id: "8701d6988841a949", status: "pending", timestamp: ~U[2025-03-09 02:54:10.380307Z], type: "transfer", source: "bob", target: "charlie", constraints: %{max_delay: 100, min_amount: 5}, amount: "5"}, %{id: "a95467bb341ae235", status: "matched", timestamp: ~U[2025-03-09 02:53:39.735235Z], type: "transfer", source: "alice", target: "bob", constraints: %{max_delay: 100, min_amount: 10}, amount: "10"}, %{id: "13af879cfe58b262", status: "matched", timestamp: ~U[2025-03-09 02:55:38.778010Z], type: "transfer", source: "bob", target: "alice", constraints: %{max_delay: 100, min_amount: 10}, amount: "10"}, %{id: "adb6bf4e0b7d0ffe", status: "pending", timestamp: ~U[2025-03-09 02:56:36.195334Z], type: "transfer", source: "charlie", target: "alice", constraints: %{max_delay: 100, min_amount: 3}, amount: "3"}]
[info] Listing pending intents: [%{id: "0ac0571d6ff0127f", status: "pending", timestamp: ~U[2025-03-09 02:54:28.381571Z], type: "transfer", source: "bob", target: "charlie", constraints: %{max_delay: 100, min_amount: 10}, amount: "10"}, %{id: "8701d6988841a949", status: "pending", timestamp: ~U[2025-03-09 02:54:10.380307Z], type: "transfer", source: "bob", target: "charlie", constraints: %{max_delay: 100, min_amount: 5}, amount: "5"}, %{id: "adb6bf4e0b7d0ffe", status: "pending", timestamp: ~U[2025-03-09 02:56:36.195334Z], type: "transfer", source: "charlie", target: "alice", constraints: %{max_delay: 100, min_amount: 3}, amount: "3"}]
[info] Listing matched intents: [%{id: "13af879cfe58b262", status: "matched", timestamp: ~U[2025-03-09 02:55:38.778010Z], type: "transfer", source: "bob", target: "alice", constraints: %{max_delay: 100, min_amount: 10}, amount: "10"}, %{id: "a95467bb341ae235", status: "matched", timestamp: ~U[2025-03-09 02:53:39.735235Z], type: "transfer", source: "alice", target: "bob", constraints: %{max_delay: 100, min_amount: 10}, amount: "10"}]
[info] Sent 200 in 1ms
[info] GET /intents
[debug] Processing with HelloWorldWeb.IntentController.list/2
  Parameters: %{}
  Pipelines: [:browser]
[info] Retrieved intents from ETS: [%{id: "0ac0571d6ff0127f", status: "pending", timestamp: ~U[2025-03-09 02:54:28.381571Z], type: "transfer", source: "bob", target: "charlie", constraints: %{max_delay: 100, min_amount: 10}, amount: "10"}, %{id: "8701d6988841a949", status: "pending", timestamp: ~U[2025-03-09 02:54:10.380307Z], type: "transfer", source: "bob", target: "charlie", constraints: %{max_delay: 100, min_amount: 5}, amount: "5"}, %{id: "a95467bb341ae235", status: "matched", timestamp: ~U[2025-03-09 02:53:39.735235Z], type: "transfer", source: "alice", target: "bob", constraints: %{max_delay: 100, min_amount: 10}, amount: "10"}, %{id: "13af879cfe58b262", status: "matched", timestamp: ~U[2025-03-09 02:55:38.778010Z], type: "transfer", source: "bob", target: "alice", constraints: %{max_delay: 100, min_amount: 10}, amount: "10"}, %{id: "adb6bf4e0b7d0ffe", status: "pending", timestamp: ~U[2025-03-09 02:56:36.195334Z], type: "transfer", source: "charlie", target: "alice", constraints: %{max_delay: 100, min_amount: 3}, amount: "3"}]
[info] Listing pending intents: [%{id: "0ac0571d6ff0127f", status: "pending", timestamp: ~U[2025-03-09 02:54:28.381571Z], type: "transfer", source: "bob", target: "charlie", constraints: %{max_delay: 100, min_amount: 10}, amount: "10"}, %{id: "8701d6988841a949", status: "pending", timestamp: ~U[2025-03-09 02:54:10.380307Z], type: "transfer", source: "bob", target: "charlie", constraints: %{max_delay: 100, min_amount: 5}, amount: "5"}, %{id: "adb6bf4e0b7d0ffe", status: "pending", timestamp: ~U[2025-03-09 02:56:36.195334Z], type: "transfer", source: "charlie", target: "alice", constraints: %{max_delay: 100, min_amount: 3}, amount: "3"}]
[info] Listing matched intents: [%{id: "13af879cfe58b262", status: "matched", timestamp: ~U[2025-03-09 02:55:38.778010Z], type: "transfer", source: "bob", target: "alice", constraints: %{max_delay: 100, min_amount: 10}, amount: "10"}, %{id: "a95467bb341ae235", status: "matched", timestamp: ~U[2025-03-09 02:53:39.735235Z], type: "transfer", source: "alice", target: "bob", constraints: %{max_delay: 100, min_amount: 10}, amount: "10"}]
[info] Sent 200 in 1ms
[info] GET /intents
[debug] Processing with HelloWorldWeb.IntentController.list/2
  Parameters: %{}
  Pipelines: [:browser]
[info] Retrieved intents from ETS: [%{id: "0ac0571d6ff0127f", status: "pending", timestamp: ~U[2025-03-09 02:54:28.381571Z], type: "transfer", source: "bob", target: "charlie", constraints: %{max_delay: 100, min_amount: 10}, amount: "10"}, %{id: "8701d6988841a949", status: "pending", timestamp: ~U[2025-03-09 02:54:10.380307Z], type: "transfer", source: "bob", target: "charlie", constraints: %{max_delay: 100, min_amount: 5}, amount: "5"}, %{id: "a95467bb341ae235", status: "matched", timestamp: ~U[2025-03-09 02:53:39.735235Z], type: "transfer", source: "alice", target: "bob", constraints: %{max_delay: 100, min_amount: 10}, amount: "10"}, %{id: "13af879cfe58b262", status: "matched", timestamp: ~U[2025-03-09 02:55:38.778010Z], type: "transfer", source: "bob", target: "alice", constraints: %{max_delay: 100, min_amount: 10}, amount: "10"}, %{id: "adb6bf4e0b7d0ffe", status: "pending", timestamp: ~U[2025-03-09 02:56:36.195334Z], type: "transfer", source: "charlie", target: "alice", constraints: %{max_delay: 100, min_amount: 3}, amount: "3"}]
[info] Listing pending intents: [%{id: "0ac0571d6ff0127f", status: "pending", timestamp: ~U[2025-03-09 02:54:28.381571Z], type: "transfer", source: "bob", target: "charlie", constraints: %{max_delay: 100, min_amount: 10}, amount: "10"}, %{id: "8701d6988841a949", status: "pending", timestamp: ~U[2025-03-09 02:54:10.380307Z], type: "transfer", source: "bob", target: "charlie", constraints: %{max_delay: 100, min_amount: 5}, amount: "5"}, %{id: "adb6bf4e0b7d0ffe", status: "pending", timestamp: ~U[2025-03-09 02:56:36.195334Z], type: "transfer", source: "charlie", target: "alice", constraints: %{max_delay: 100, min_amount: 3}, amount: "3"}]
[info] Listing matched intents: [%{id: "13af879cfe58b262", status: "matched", timestamp: ~U[2025-03-09 02:55:38.778010Z], type: "transfer", source: "bob", target: "alice", constraints: %{max_delay: 100, min_amount: 10}, amount: "10"}, %{id: "a95467bb341ae235", status: "matched", timestamp: ~U[2025-03-09 02:53:39.735235Z], type: "transfer", source: "alice", target: "bob", constraints: %{max_delay: 100, min_amount: 10}, amount: "10"}]
[info] Sent 200 in 2ms
[info] POST /intents
[debug] Processing with HelloWorldWeb.IntentController.create/2
  Parameters: %{"_csrf_token" => "LjwSNhs6fV93B3sbIQ9Wa2xuGhhkQjtgbLkgYL595JMzclfRT7ra64x2", "intent" => %{"amount" => "3", "source" => "alice", "target" => "bob"}}
  Pipelines: [:browser]
[info] Creating new intent with params: %{"amount" => "3", "source" => "alice", "target" => "bob"}
[info] Storing intent: %{id: "b1e251d6aaafe9a6", status: "pending", timestamp: ~U[2025-03-09 02:56:56.363545Z], type: "transfer", source: "alice", target: "bob", constraints: %{max_delay: 100, min_amount: 3}, amount: "3"}
[info] Storing intent in ETS: %{id: "b1e251d6aaafe9a6", status: "pending", timestamp: ~U[2025-03-09 02:56:56.363545Z], type: "transfer", source: "alice", target: "bob", constraints: %{max_delay: 100, min_amount: 3}, amount: "3"}
[info] Retrieved intents from ETS: [%{id: "0ac0571d6ff0127f", status: "pending", timestamp: ~U[2025-03-09 02:54:28.381571Z], type: "transfer", source: "bob", target: "charlie", constraints: %{max_delay: 100, min_amount: 10}, amount: "10"}, %{id: "b1e251d6aaafe9a6", status: "pending", timestamp: ~U[2025-03-09 02:56:56.363545Z], type: "transfer", source: "alice", target: "bob", constraints: %{max_delay: 100, min_amount: 3}, amount: "3"}, %{id: "8701d6988841a949", status: "pending", timestamp: ~U[2025-03-09 02:54:10.380307Z], type: "transfer", source: "bob", target: "charlie", constraints: %{max_delay: 100, min_amount: 5}, amount: "5"}, %{id: "a95467bb341ae235", status: "matched", timestamp: ~U[2025-03-09 02:53:39.735235Z], type: "transfer", source: "alice", target: "bob", constraints: %{max_delay: 100, min_amount: 10}, amount: "10"}, %{id: "13af879cfe58b262", status: "matched", timestamp: ~U[2025-03-09 02:55:38.778010Z], type: "transfer", source: "bob", target: "alice", constraints: %{max_delay: 100, min_amount: 10}, amount: "10"}, %{id: "adb6bf4e0b7d0ffe", status: "pending", timestamp: ~U[2025-03-09 02:56:36.195334Z], type: "transfer", source: "charlie", target: "alice", constraints: %{max_delay: 100, min_amount: 3}, amount: "3"}]
[info] Checking for matches against existing intents: [%{id: "0ac0571d6ff0127f", status: "pending", timestamp: ~U[2025-03-09 02:54:28.381571Z], type: "transfer", source: "bob", target: "charlie", constraints: %{max_delay: 100, min_amount: 10}, amount: "10"}, %{id: "b1e251d6aaafe9a6", status: "pending", timestamp: ~U[2025-03-09 02:56:56.363545Z], type: "transfer", source: "alice", target: "bob", constraints: %{max_delay: 100, min_amount: 3}, amount: "3"}, %{id: "8701d6988841a949", status: "pending", timestamp: ~U[2025-03-09 02:54:10.380307Z], type: "transfer", source: "bob", target: "charlie", constraints: %{max_delay: 100, min_amount: 5}, amount: "5"}, %{id: "a95467bb341ae235", status: "matched", timestamp: ~U[2025-03-09 02:53:39.735235Z], type: "transfer", source: "alice", target: "bob", constraints: %{max_delay: 100, min_amount: 10}, amount: "10"}, %{id: "13af879cfe58b262", status: "matched", timestamp: ~U[2025-03-09 02:55:38.778010Z], type: "transfer", source: "bob", target: "alice", constraints: %{max_delay: 100, min_amount: 10}, amount: "10"}, %{id: "adb6bf4e0b7d0ffe", status: "pending", timestamp: ~U[2025-03-09 02:56:36.195334Z], type: "transfer", source: "charlie", target: "alice", constraints: %{max_delay: 100, min_amount: 3}, amount: "3"}]
[info] Checking intent 0ac0571d6ff0127f against b1e251d6aaafe9a6: false
[info] Checking intent b1e251d6aaafe9a6 against b1e251d6aaafe9a6: false
[info] Checking intent 8701d6988841a949 against b1e251d6aaafe9a6: false
[info] Checking intent a95467bb341ae235 against b1e251d6aaafe9a6: false
[info] Checking intent 13af879cfe58b262 against b1e251d6aaafe9a6: false
[info] Checking intent adb6bf4e0b7d0ffe against b1e251d6aaafe9a6: false
[info] No matching intent found
[info] Sent 200 in 2ms
[info] GET /intents
[debug] Processing with HelloWorldWeb.IntentController.list/2
  Parameters: %{}
  Pipelines: [:browser]
[info] Retrieved intents from ETS: [%{id: "0ac0571d6ff0127f", status: "pending", timestamp: ~U[2025-03-09 02:54:28.381571Z], type: "transfer", source: "bob", target: "charlie", constraints: %{max_delay: 100, min_amount: 10}, amount: "10"}, %{id: "b1e251d6aaafe9a6", status: "pending", timestamp: ~U[2025-03-09 02:56:56.363545Z], type: "transfer", source: "alice", target: "bob", constraints: %{max_delay: 100, min_amount: 3}, amount: "3"}, %{id: "8701d6988841a949", status: "pending", timestamp: ~U[2025-03-09 02:54:10.380307Z], type: "transfer", source: "bob", target: "charlie", constraints: %{max_delay: 100, min_amount: 5}, amount: "5"}, %{id: "a95467bb341ae235", status: "matched", timestamp: ~U[2025-03-09 02:53:39.735235Z], type: "transfer", source: "alice", target: "bob", constraints: %{max_delay: 100, min_amount: 10}, amount: "10"}, %{id: "13af879cfe58b262", status: "matched", timestamp: ~U[2025-03-09 02:55:38.778010Z], type: "transfer", source: "bob", target: "alice", constraints: %{max_delay: 100, min_amount: 10}, amount: "10"}, %{id: "adb6bf4e0b7d0ffe", status: "pending", timestamp: ~U[2025-03-09 02:56:36.195334Z], type: "transfer", source: "charlie", target: "alice", constraints: %{max_delay: 100, min_amount: 3}, amount: "3"}]
[info] Listing pending intents: [%{id: "0ac0571d6ff0127f", status: "pending", timestamp: ~U[2025-03-09 02:54:28.381571Z], type: "transfer", source: "bob", target: "charlie", constraints: %{max_delay: 100, min_amount: 10}, amount: "10"}, %{id: "b1e251d6aaafe9a6", status: "pending", timestamp: ~U[2025-03-09 02:56:56.363545Z], type: "transfer", source: "alice", target: "bob", constraints: %{max_delay: 100, min_amount: 3}, amount: "3"}, %{id: "8701d6988841a949", status: "pending", timestamp: ~U[2025-03-09 02:54:10.380307Z], type: "transfer", source: "bob", target: "charlie", constraints: %{max_delay: 100, min_amount: 5}, amount: "5"}, %{id: "adb6bf4e0b7d0ffe", status: "pending", timestamp: ~U[2025-03-09 02:56:36.195334Z], type: "transfer", source: "charlie", target: "alice", constraints: %{max_delay: 100, min_amount: 3}, amount: "3"}]
[info] Listing matched intents: [%{id: "13af879cfe58b262", status: "matched", timestamp: ~U[2025-03-09 02:55:38.778010Z], type: "transfer", source: "bob", target: "alice", constraints: %{max_delay: 100, min_amount: 10}, amount: "10"}, %{id: "a95467bb341ae235", status: "matched", timestamp: ~U[2025-03-09 02:53:39.735235Z], type: "transfer", source: "alice", target: "bob", constraints: %{max_delay: 100, min_amount: 10}, amount: "10"}]
[info] Sent 200 in 1ms
[info] GET /intents
[debug] Processing with HelloWorldWeb.IntentController.list/2
  Parameters: %{}
  Pipelines: [:browser]
[info] Retrieved intents from ETS: [%{id: "0ac0571d6ff0127f", status: "pending", timestamp: ~U[2025-03-09 02:54:28.381571Z], type: "transfer", source: "bob", target: "charlie", constraints: %{max_delay: 100, min_amount: 10}, amount: "10"}, %{id: "b1e251d6aaafe9a6", status: "pending", timestamp: ~U[2025-03-09 02:56:56.363545Z], type: "transfer", source: "alice", target: "bob", constraints: %{max_delay: 100, min_amount: 3}, amount: "3"}, %{id: "8701d6988841a949", status: "pending", timestamp: ~U[2025-03-09 02:54:10.380307Z], type: "transfer", source: "bob", target: "charlie", constraints: %{max_delay: 100, min_amount: 5}, amount: "5"}, %{id: "a95467bb341ae235", status: "matched", timestamp: ~U[2025-03-09 02:53:39.735235Z], type: "transfer", source: "alice", target: "bob", constraints: %{max_delay: 100, min_amount: 10}, amount: "10"}, %{id: "13af879cfe58b262", status: "matched", timestamp: ~U[2025-03-09 02:55:38.778010Z], type: "transfer", source: "bob", target: "alice", constraints: %{max_delay: 100, min_amount: 10}, amount: "10"}, %{id: "adb6bf4e0b7d0ffe", status: "pending", timestamp: ~U[2025-03-09 02:56:36.195334Z], type: "transfer", source: "charlie", target: "alice", constraints: %{max_delay: 100, min_amount: 3}, amount: "3"}]
[info] Listing pending intents: [%{id: "0ac0571d6ff0127f", status: "pending", timestamp: ~U[2025-03-09 02:54:28.381571Z], type: "transfer", source: "bob", target: "charlie", constraints: %{max_delay: 100, min_amount: 10}, amount: "10"}, %{id: "b1e251d6aaafe9a6", status: "pending", timestamp: ~U[2025-03-09 02:56:56.363545Z], type: "transfer", source: "alice", target: "bob", constraints: %{max_delay: 100, min_amount: 3}, amount: "3"}, %{id: "8701d6988841a949", status: "pending", timestamp: ~U[2025-03-09 02:54:10.380307Z], type: "transfer", source: "bob", target: "charlie", constraints: %{max_delay: 100, min_amount: 5}, amount: "5"}, %{id: "adb6bf4e0b7d0ffe", status: "pending", timestamp: ~U[2025-03-09 02:56:36.195334Z], type: "transfer", source: "charlie", target: "alice", constraints: %{max_delay: 100, min_amount: 3}, amount: "3"}]
[info] Listing matched intents: [%{id: "13af879cfe58b262", status: "matched", timestamp: ~U[2025-03-09 02:55:38.778010Z], type: "transfer", source: "bob", target: "alice", constraints: %{max_delay: 100, min_amount: 10}, amount: "10"}, %{id: "a95467bb341ae235", status: "matched", timestamp: ~U[2025-03-09 02:53:39.735235Z], type: "transfer", source: "alice", target: "bob", constraints: %{max_delay: 100, min_amount: 10}, amount: "10"}]
[info] Sent 200 in 2ms
[info] GET /intents
[debug] Processing with HelloWorldWeb.IntentController.list/2
  Parameters: %{}
  Pipelines: [:browser]
[info] Retrieved intents from ETS: [%{id: "0ac0571d6ff0127f", status: "pending", timestamp: ~U[2025-03-09 02:54:28.381571Z], type: "transfer", source: "bob", target: "charlie", constraints: %{max_delay: 100, min_amount: 10}, amount: "10"}, %{id: "b1e251d6aaafe9a6", status: "pending", timestamp: ~U[2025-03-09 02:56:56.363545Z], type: "transfer", source: "alice", target: "bob", constraints: %{max_delay: 100, min_amount: 3}, amount: "3"}, %{id: "8701d6988841a949", status: "pending", timestamp: ~U[2025-03-09 02:54:10.380307Z], type: "transfer", source: "bob", target: "charlie", constraints: %{max_delay: 100, min_amount: 5}, amount: "5"}, %{id: "a95467bb341ae235", status: "matched", timestamp: ~U[2025-03-09 02:53:39.735235Z], type: "transfer", source: "alice", target: "bob", constraints: %{max_delay: 100, min_amount: 10}, amount: "10"}, %{id: "13af879cfe58b262", status: "matched", timestamp: ~U[2025-03-09 02:55:38.778010Z], type: "transfer", source: "bob", target: "alice", constraints: %{max_delay: 100, min_amount: 10}, amount: "10"}, %{id: "adb6bf4e0b7d0ffe", status: "pending", timestamp: ~U[2025-03-09 02:56:36.195334Z], type: "transfer", source: "charlie", target: "alice", constraints: %{max_delay: 100, min_amount: 3}, amount: "3"}]
[info] Listing pending intents: [%{id: "0ac0571d6ff0127f", status: "pending", timestamp: ~U[2025-03-09 02:54:28.381571Z], type: "transfer", source: "bob", target: "charlie", constraints: %{max_delay: 100, min_amount: 10}, amount: "10"}, %{id: "b1e251d6aaafe9a6", status: "pending", timestamp: ~U[2025-03-09 02:56:56.363545Z], type: "transfer", source: "alice", target: "bob", constraints: %{max_delay: 100, min_amount: 3}, amount: "3"}, %{id: "8701d6988841a949", status: "pending", timestamp: ~U[2025-03-09 02:54:10.380307Z], type: "transfer", source: "bob", target: "charlie", constraints: %{max_delay: 100, min_amount: 5}, amount: "5"}, %{id: "adb6bf4e0b7d0ffe", status: "pending", timestamp: ~U[2025-03-09 02:56:36.195334Z], type: "transfer", source: "charlie", target: "alice", constraints: %{max_delay: 100, min_amount: 3}, amount: "3"}]
[info] Listing matched intents: [%{id: "13af879cfe58b262", status: "matched", timestamp: ~U[2025-03-09 02:55:38.778010Z], type: "transfer", source: "bob", target: "alice", constraints: %{max_delay: 100, min_amount: 10}, amount: "10"}, %{id: "a95467bb341ae235", status: "matched", timestamp: ~U[2025-03-09 02:53:39.735235Z], type: "transfer", source: "alice", target: "bob", constraints: %{max_delay: 100, min_amount: 10}, amount: "10"}]
[info] Sent 200 in 1ms
[info] GET /intents
[debug] Processing with HelloWorldWeb.IntentController.list/2
  Parameters: %{}
  Pipelines: [:browser]
[info] Retrieved intents from ETS: [%{id: "0ac0571d6ff0127f", status: "pending", timestamp: ~U[2025-03-09 02:54:28.381571Z], type: "transfer", source: "bob", target: "charlie", constraints: %{max_delay: 100, min_amount: 10}, amount: "10"}, %{id: "b1e251d6aaafe9a6", status: "pending", timestamp: ~U[2025-03-09 02:56:56.363545Z], type: "transfer", source: "alice", target: "bob", constraints: %{max_delay: 100, min_amount: 3}, amount: "3"}, %{id: "8701d6988841a949", status: "pending", timestamp: ~U[2025-03-09 02:54:10.380307Z], type: "transfer", source: "bob", target: "charlie", constraints: %{max_delay: 100, min_amount: 5}, amount: "5"}, %{id: "a95467bb341ae235", status: "matched", timestamp: ~U[2025-03-09 02:53:39.735235Z], type: "transfer", source: "alice", target: "bob", constraints: %{max_delay: 100, min_amount: 10}, amount: "10"}, %{id: "13af879cfe58b262", status: "matched", timestamp: ~U[2025-03-09 02:55:38.778010Z], type: "transfer", source: "bob", target: "alice", constraints: %{max_delay: 100, min_amount: 10}, amount: "10"}, %{id: "adb6bf4e0b7d0ffe", status: "pending", timestamp: ~U[2025-03-09 02:56:36.195334Z], type: "transfer", source: "charlie", target: "alice", constraints: %{max_delay: 100, min_amount: 3}, amount: "3"}]
[info] Listing pending intents: [%{id: "0ac0571d6ff0127f", status: "pending", timestamp: ~U[2025-03-09 02:54:28.381571Z], type: "transfer", source: "bob", target: "charlie", constraints: %{max_delay: 100, min_amount: 10}, amount: "10"}, %{id: "b1e251d6aaafe9a6", status: "pending", timestamp: ~U[2025-03-09 02:56:56.363545Z], type: "transfer", source: "alice", target: "bob", constraints: %{max_delay: 100, min_amount: 3}, amount: "3"}, %{id: "8701d6988841a949", status: "pending", timestamp: ~U[2025-03-09 02:54:10.380307Z], type: "transfer", source: "bob", target: "charlie", constraints: %{max_delay: 100, min_amount: 5}, amount: "5"}, %{id: "adb6bf4e0b7d0ffe", status: "pending", timestamp: ~U[2025-03-09 02:56:36.195334Z], type: "transfer", source: "charlie", target: "alice", constraints: %{max_delay: 100, min_amount: 3}, amount: "3"}]
[info] Listing matched intents: [%{id: "13af879cfe58b262", status: "matched", timestamp: ~U[2025-03-09 02:55:38.778010Z], type: "transfer", source: "bob", target: "alice", constraints: %{max_delay: 100, min_amount: 10}, amount: "10"}, %{id: "a95467bb341ae235", status: "matched", timestamp: ~U[2025-03-09 02:53:39.735235Z], type: "transfer", source: "alice", target: "bob", constraints: %{max_delay: 100, min_amount: 10}, amount: "10"}]
[info] Sent 200 in 1ms
[info] GET /intents
[debug] Processing with HelloWorldWeb.IntentController.list/2
  Parameters: %{}
  Pipelines: [:browser]
[info] Retrieved intents from ETS: [%{id: "0ac0571d6ff0127f", status: "pending", timestamp: ~U[2025-03-09 02:54:28.381571Z], type: "transfer", source: "bob", target: "charlie", constraints: %{max_delay: 100, min_amount: 10}, amount: "10"}, %{id: "b1e251d6aaafe9a6", status: "pending", timestamp: ~U[2025-03-09 02:56:56.363545Z], type: "transfer", source: "alice", target: "bob", constraints: %{max_delay: 100, min_amount: 3}, amount: "3"}, %{id: "8701d6988841a949", status: "pending", timestamp: ~U[2025-03-09 02:54:10.380307Z], type: "transfer", source: "bob", target: "charlie", constraints: %{max_delay: 100, min_amount: 5}, amount: "5"}, %{id: "a95467bb341ae235", status: "matched", timestamp: ~U[2025-03-09 02:53:39.735235Z], type: "transfer", source: "alice", target: "bob", constraints: %{max_delay: 100, min_amount: 10}, amount: "10"}, %{id: "13af879cfe58b262", status: "matched", timestamp: ~U[2025-03-09 02:55:38.778010Z], type: "transfer", source: "bob", target: "alice", constraints: %{max_delay: 100, min_amount: 10}, amount: "10"}, %{id: "adb6bf4e0b7d0ffe", status: "pending", timestamp: ~U[2025-03-09 02:56:36.195334Z], type: "transfer", source: "charlie", target: "alice", constraints: %{max_delay: 100, min_amount: 3}, amount: "3"}]
[info] Listing pending intents: [%{id: "0ac0571d6ff0127f", status: "pending", timestamp: ~U[2025-03-09 02:54:28.381571Z], type: "transfer", source: "bob", target: "charlie", constraints: %{max_delay: 100, min_amount: 10}, amount: "10"}, %{id: "b1e251d6aaafe9a6", status: "pending", timestamp: ~U[2025-03-09 02:56:56.363545Z], type: "transfer", source: "alice", target: "bob", constraints: %{max_delay: 100, min_amount: 3}, amount: "3"}, %{id: "8701d6988841a949", status: "pending", timestamp: ~U[2025-03-09 02:54:10.380307Z], type: "transfer", source: "bob", target: "charlie", constraints: %{max_delay: 100, min_amount: 5}, amount: "5"}, %{id: "adb6bf4e0b7d0ffe", status: "pending", timestamp: ~U[2025-03-09 02:56:36.195334Z], type: "transfer", source: "charlie", target: "alice", constraints: %{max_delay: 100, min_amount: 3}, amount: "3"}]
[info] Listing matched intents: [%{id: "13af879cfe58b262", status: "matched", timestamp: ~U[2025-03-09 02:55:38.778010Z], type: "transfer", source: "bob", target: "alice", constraints: %{max_delay: 100, min_amount: 10}, amount: "10"}, %{id: "a95467bb341ae235", status: "matched", timestamp: ~U[2025-03-09 02:53:39.735235Z], type: "transfer", source: "alice", target: "bob", constraints: %{max_delay: 100, min_amount: 10}, amount: "10"}]
[info] Sent 200 in 1ms
[info] GET /intents
[debug] Processing with HelloWorldWeb.IntentController.list/2
  Parameters: %{}
  Pipelines: [:browser]
[info] Retrieved intents from ETS: [%{id: "0ac0571d6ff0127f", status: "pending", timestamp: ~U[2025-03-09 02:54:28.381571Z], type: "transfer", source: "bob", target: "charlie", constraints: %{max_delay: 100, min_amount: 10}, amount: "10"}, %{id: "b1e251d6aaafe9a6", status: "pending", timestamp: ~U[2025-03-09 02:56:56.363545Z], type: "transfer", source: "alice", target: "bob", constraints: %{max_delay: 100, min_amount: 3}, amount: "3"}, %{id: "8701d6988841a949", status: "pending", timestamp: ~U[2025-03-09 02:54:10.380307Z], type: "transfer", source: "bob", target: "charlie", constraints: %{max_delay: 100, min_amount: 5}, amount: "5"}, %{id: "a95467bb341ae235", status: "matched", timestamp: ~U[2025-03-09 02:53:39.735235Z], type: "transfer", source: "alice", target: "bob", constraints: %{max_delay: 100, min_amount: 10}, amount: "10"}, %{id: "13af879cfe58b262", status: "matched", timestamp: ~U[2025-03-09 02:55:38.778010Z], type: "transfer", source: "bob", target: "alice", constraints: %{max_delay: 100, min_amount: 10}, amount: "10"}, %{id: "adb6bf4e0b7d0ffe", status: "pending", timestamp: ~U[2025-03-09 02:56:36.195334Z], type: "transfer", source: "charlie", target: "alice", constraints: %{max_delay: 100, min_amount: 3}, amount: "3"}]
[info] Listing pending intents: [%{id: "0ac0571d6ff0127f", status: "pending", timestamp: ~U[2025-03-09 02:54:28.381571Z], type: "transfer", source: "bob", target: "charlie", constraints: %{max_delay: 100, min_amount: 10}, amount: "10"}, %{id: "b1e251d6aaafe9a6", status: "pending", timestamp: ~U[2025-03-09 02:56:56.363545Z], type: "transfer", source: "alice", target: "bob", constraints: %{max_delay: 100, min_amount: 3}, amount: "3"}, %{id: "8701d6988841a949", status: "pending", timestamp: ~U[2025-03-09 02:54:10.380307Z], type: "transfer", source: "bob", target: "charlie", constraints: %{max_delay: 100, min_amount: 5}, amount: "5"}, %{id: "adb6bf4e0b7d0ffe", status: "pending", timestamp: ~U[2025-03-09 02:56:36.195334Z], type: "transfer", source: "charlie", target: "alice", constraints: %{max_delay: 100, min_amount: 3}, amount: "3"}]
[info] Listing matched intents: [%{id: "13af879cfe58b262", status: "matched", timestamp: ~U[2025-03-09 02:55:38.778010Z], type: "transfer", source: "bob", target: "alice", constraints: %{max_delay: 100, min_amount: 10}, amount: "10"}, %{id: "a95467bb341ae235", status: "matched", timestamp: ~U[2025-03-09 02:53:39.735235Z], type: "transfer", source: "alice", target: "bob", constraints: %{max_delay: 100, min_amount: 10}, amount: "10"}]
[info] Sent 200 in 1ms
[info] GET /intents
[debug] Processing with HelloWorldWeb.IntentController.list/2
  Parameters: %{}
  Pipelines: [:browser]
[info] Retrieved intents from ETS: [%{id: "0ac0571d6ff0127f", status: "pending", timestamp: ~U[2025-03-09 02:54:28.381571Z], type: "transfer", source: "bob", target: "charlie", constraints: %{max_delay: 100, min_amount: 10}, amount: "10"}, %{id: "b1e251d6aaafe9a6", status: "pending", timestamp: ~U[2025-03-09 02:56:56.363545Z], type: "transfer", source: "alice", target: "bob", constraints: %{max_delay: 100, min_amount: 3}, amount: "3"}, %{id: "8701d6988841a949", status: "pending", timestamp: ~U[2025-03-09 02:54:10.380307Z], type: "transfer", source: "bob", target: "charlie", constraints: %{max_delay: 100, min_amount: 5}, amount: "5"}, %{id: "a95467bb341ae235", status: "matched", timestamp: ~U[2025-03-09 02:53:39.735235Z], type: "transfer", source: "alice", target: "bob", constraints: %{max_delay: 100, min_amount: 10}, amount: "10"}, %{id: "13af879cfe58b262", status: "matched", timestamp: ~U[2025-03-09 02:55:38.778010Z], type: "transfer", source: "bob", target: "alice", constraints: %{max_delay: 100, min_amount: 10}, amount: "10"}, %{id: "adb6bf4e0b7d0ffe", status: "pending", timestamp: ~U[2025-03-09 02:56:36.195334Z], type: "transfer", source: "charlie", target: "alice", constraints: %{max_delay: 100, min_amount: 3}, amount: "3"}]
[info] Listing pending intents: [%{id: "0ac0571d6ff0127f", status: "pending", timestamp: ~U[2025-03-09 02:54:28.381571Z], type: "transfer", source: "bob", target: "charlie", constraints: %{max_delay: 100, min_amount: 10}, amount: "10"}, %{id: "b1e251d6aaafe9a6", status: "pending", timestamp: ~U[2025-03-09 02:56:56.363545Z], type: "transfer", source: "alice", target: "bob", constraints: %{max_delay: 100, min_amount: 3}, amount: "3"}, %{id: "8701d6988841a949", status: "pending", timestamp: ~U[2025-03-09 02:54:10.380307Z], type: "transfer", source: "bob", target: "charlie", constraints: %{max_delay: 100, min_amount: 5}, amount: "5"}, %{id: "adb6bf4e0b7d0ffe", status: "pending", timestamp: ~U[2025-03-09 02:56:36.195334Z], type: "transfer", source: "charlie", target: "alice", constraints: %{max_delay: 100, min_amount: 3}, amount: "3"}]
[info] Listing matched intents: [%{id: "13af879cfe58b262", status: "matched", timestamp: ~U[2025-03-09 02:55:38.778010Z], type: "transfer", source: "bob", target: "alice", constraints: %{max_delay: 100, min_amount: 10}, amount: "10"}, %{id: "a95467bb341ae235", status: "matched", timestamp: ~U[2025-03-09 02:53:39.735235Z], type: "transfer", source: "alice", target: "bob", constraints: %{max_delay: 100, min_amount: 10}, amount: "10"}]
[info] Sent 200 in 1ms
[info] GET /intents
[debug] Processing with HelloWorldWeb.IntentController.list/2
  Parameters: %{}
  Pipelines: [:browser]
[info] Retrieved intents from ETS: [%{id: "0ac0571d6ff0127f", status: "pending", timestamp: ~U[2025-03-09 02:54:28.381571Z], type: "transfer", source: "bob", target: "charlie", constraints: %{max_delay: 100, min_amount: 10}, amount: "10"}, %{id: "b1e251d6aaafe9a6", status: "pending", timestamp: ~U[2025-03-09 02:56:56.363545Z], type: "transfer", source: "alice", target: "bob", constraints: %{max_delay: 100, min_amount: 3}, amount: "3"}, %{id: "8701d6988841a949", status: "pending", timestamp: ~U[2025-03-09 02:54:10.380307Z], type: "transfer", source: "bob", target: "charlie", constraints: %{max_delay: 100, min_amount: 5}, amount: "5"}, %{id: "a95467bb341ae235", status: "matched", timestamp: ~U[2025-03-09 02:53:39.735235Z], type: "transfer", source: "alice", target: "bob", constraints: %{max_delay: 100, min_amount: 10}, amount: "10"}, %{id: "13af879cfe58b262", status: "matched", timestamp: ~U[2025-03-09 02:55:38.778010Z], type: "transfer", source: "bob", target: "alice", constraints: %{max_delay: 100, min_amount: 10}, amount: "10"}, %{id: "adb6bf4e0b7d0ffe", status: "pending", timestamp: ~U[2025-03-09 02:56:36.195334Z], type: "transfer", source: "charlie", target: "alice", constraints: %{max_delay: 100, min_amount: 3}, amount: "3"}]
[info] Listing pending intents: [%{id: "0ac0571d6ff0127f", status: "pending", timestamp: ~U[2025-03-09 02:54:28.381571Z], type: "transfer", source: "bob", target: "charlie", constraints: %{max_delay: 100, min_amount: 10}, amount: "10"}, %{id: "b1e251d6aaafe9a6", status: "pending", timestamp: ~U[2025-03-09 02:56:56.363545Z], type: "transfer", source: "alice", target: "bob", constraints: %{max_delay: 100, min_amount: 3}, amount: "3"}, %{id: "8701d6988841a949", status: "pending", timestamp: ~U[2025-03-09 02:54:10.380307Z], type: "transfer", source: "bob", target: "charlie", constraints: %{max_delay: 100, min_amount: 5}, amount: "5"}, %{id: "adb6bf4e0b7d0ffe", status: "pending", timestamp: ~U[2025-03-09 02:56:36.195334Z], type: "transfer", source: "charlie", target: "alice", constraints: %{max_delay: 100, min_amount: 3}, amount: "3"}]
[info] Listing matched intents: [%{id: "13af879cfe58b262", status: "matched", timestamp: ~U[2025-03-09 02:55:38.778010Z], type: "transfer", source: "bob", target: "alice", constraints: %{max_delay: 100, min_amount: 10}, amount: "10"}, %{id: "a95467bb341ae235", status: "matched", timestamp: ~U[2025-03-09 02:53:39.735235Z], type: "transfer", source: "alice", target: "bob", constraints: %{max_delay: 100, min_amount: 10}, amount: "10"}]
[info] Sent 200 in 2ms
[info] GET /intents
[debug] Processing with HelloWorldWeb.IntentController.list/2
  Parameters: %{}
  Pipelines: [:browser]
[info] Retrieved intents from ETS: [%{id: "0ac0571d6ff0127f", status: "pending", timestamp: ~U[2025-03-09 02:54:28.381571Z], type: "transfer", source: "bob", target: "charlie", constraints: %{max_delay: 100, min_amount: 10}, amount: "10"}, %{id: "b1e251d6aaafe9a6", status: "pending", timestamp: ~U[2025-03-09 02:56:56.363545Z], type: "transfer", source: "alice", target: "bob", constraints: %{max_delay: 100, min_amount: 3}, amount: "3"}, %{id: "8701d6988841a949", status: "pending", timestamp: ~U[2025-03-09 02:54:10.380307Z], type: "transfer", source: "bob", target: "charlie", constraints: %{max_delay: 100, min_amount: 5}, amount: "5"}, %{id: "a95467bb341ae235", status: "matched", timestamp: ~U[2025-03-09 02:53:39.735235Z], type: "transfer", source: "alice", target: "bob", constraints: %{max_delay: 100, min_amount: 10}, amount: "10"}, %{id: "13af879cfe58b262", status: "matched", timestamp: ~U[2025-03-09 02:55:38.778010Z], type: "transfer", source: "bob", target: "alice", constraints: %{max_delay: 100, min_amount: 10}, amount: "10"}, %{id: "adb6bf4e0b7d0ffe", status: "pending", timestamp: ~U[2025-03-09 02:56:36.195334Z], type: "transfer", source: "charlie", target: "alice", constraints: %{max_delay: 100, min_amount: 3}, amount: "3"}]
[info] Listing pending intents: [%{id: "0ac0571d6ff0127f", status: "pending", timestamp: ~U[2025-03-09 02:54:28.381571Z], type: "transfer", source: "bob", target: "charlie", constraints: %{max_delay: 100, min_amount: 10}, amount: "10"}, %{id: "b1e251d6aaafe9a6", status: "pending", timestamp: ~U[2025-03-09 02:56:56.363545Z], type: "transfer", source: "alice", target: "bob", constraints: %{max_delay: 100, min_amount: 3}, amount: "3"}, %{id: "8701d6988841a949", status: "pending", timestamp: ~U[2025-03-09 02:54:10.380307Z], type: "transfer", source: "bob", target: "charlie", constraints: %{max_delay: 100, min_amount: 5}, amount: "5"}, %{id: "adb6bf4e0b7d0ffe", status: "pending", timestamp: ~U[2025-03-09 02:56:36.195334Z], type: "transfer", source: "charlie", target: "alice", constraints: %{max_delay: 100, min_amount: 3}, amount: "3"}]
[info] Listing matched intents: [%{id: "13af879cfe58b262", status: "matched", timestamp: ~U[2025-03-09 02:55:38.778010Z], type: "transfer", source: "bob", target: "alice", constraints: %{max_delay: 100, min_amount: 10}, amount: "10"}, %{id: "a95467bb341ae235", status: "matched", timestamp: ~U[2025-03-09 02:53:39.735235Z], type: "transfer", source: "alice", target: "bob", constraints: %{max_delay: 100, min_amount: 10}, amount: "10"}]
[info] Sent 200 in 1ms
[info] GET /intents
[debug] Processing with HelloWorldWeb.IntentController.list/2
  Parameters: %{}
  Pipelines: [:browser]
[info] Retrieved intents from ETS: [%{id: "0ac0571d6ff0127f", status: "pending", timestamp: ~U[2025-03-09 02:54:28.381571Z], type: "transfer", source: "bob", target: "charlie", constraints: %{max_delay: 100, min_amount: 10}, amount: "10"}, %{id: "b1e251d6aaafe9a6", status: "pending", timestamp: ~U[2025-03-09 02:56:56.363545Z], type: "transfer", source: "alice", target: "bob", constraints: %{max_delay: 100, min_amount: 3}, amount: "3"}, %{id: "8701d6988841a949", status: "pending", timestamp: ~U[2025-03-09 02:54:10.380307Z], type: "transfer", source: "bob", target: "charlie", constraints: %{max_delay: 100, min_amount: 5}, amount: "5"}, %{id: "a95467bb341ae235", status: "matched", timestamp: ~U[2025-03-09 02:53:39.735235Z], type: "transfer", source: "alice", target: "bob", constraints: %{max_delay: 100, min_amount: 10}, amount: "10"}, %{id: "13af879cfe58b262", status: "matched", timestamp: ~U[2025-03-09 02:55:38.778010Z], type: "transfer", source: "bob", target: "alice", constraints: %{max_delay: 100, min_amount: 10}, amount: "10"}, %{id: "adb6bf4e0b7d0ffe", status: "pending", timestamp: ~U[2025-03-09 02:56:36.195334Z], type: "transfer", source: "charlie", target: "alice", constraints: %{max_delay: 100, min_amount: 3}, amount: "3"}]
[info] Listing pending intents: [%{id: "0ac0571d6ff0127f", status: "pending", timestamp: ~U[2025-03-09 02:54:28.381571Z], type: "transfer", source: "bob", target: "charlie", constraints: %{max_delay: 100, min_amount: 10}, amount: "10"}, %{id: "b1e251d6aaafe9a6", status: "pending", timestamp: ~U[2025-03-09 02:56:56.363545Z], type: "transfer", source: "alice", target: "bob", constraints: %{max_delay: 100, min_amount: 3}, amount: "3"}, %{id: "8701d6988841a949", status: "pending", timestamp: ~U[2025-03-09 02:54:10.380307Z], type: "transfer", source: "bob", target: "charlie", constraints: %{max_delay: 100, min_amount: 5}, amount: "5"}, %{id: "adb6bf4e0b7d0ffe", status: "pending", timestamp: ~U[2025-03-09 02:56:36.195334Z], type: "transfer", source: "charlie", target: "alice", constraints: %{max_delay: 100, min_amount: 3}, amount: "3"}]
[info] Listing matched intents: [%{id: "13af879cfe58b262", status: "matched", timestamp: ~U[2025-03-09 02:55:38.778010Z], type: "transfer", source: "bob", target: "alice", constraints: %{max_delay: 100, min_amount: 10}, amount: "10"}, %{id: "a95467bb341ae235", status: "matched", timestamp: ~U[2025-03-09 02:53:39.735235Z], type: "transfer", source: "alice", target: "bob", constraints: %{max_delay: 100, min_amount: 10}, amount: "10"}]
[info] Sent 200 in 1ms
[info] GET /intents
[debug] Processing with HelloWorldWeb.IntentController.list/2
  Parameters: %{}
  Pipelines: [:browser]
[info] Retrieved intents from ETS: [%{id: "0ac0571d6ff0127f", status: "pending", timestamp: ~U[2025-03-09 02:54:28.381571Z], type: "transfer", source: "bob", target: "charlie", constraints: %{max_delay: 100, min_amount: 10}, amount: "10"}, %{id: "b1e251d6aaafe9a6", status: "pending", timestamp: ~U[2025-03-09 02:56:56.363545Z], type: "transfer", source: "alice", target: "bob", constraints: %{max_delay: 100, min_amount: 3}, amount: "3"}, %{id: "8701d6988841a949", status: "pending", timestamp: ~U[2025-03-09 02:54:10.380307Z], type: "transfer", source: "bob", target: "charlie", constraints: %{max_delay: 100, min_amount: 5}, amount: "5"}, %{id: "a95467bb341ae235", status: "matched", timestamp: ~U[2025-03-09 02:53:39.735235Z], type: "transfer", source: "alice", target: "bob", constraints: %{max_delay: 100, min_amount: 10}, amount: "10"}, %{id: "13af879cfe58b262", status: "matched", timestamp: ~U[2025-03-09 02:55:38.778010Z], type: "transfer", source: "bob", target: "alice", constraints: %{max_delay: 100, min_amount: 10}, amount: "10"}, %{id: "adb6bf4e0b7d0ffe", status: "pending", timestamp: ~U[2025-03-09 02:56:36.195334Z], type: "transfer", source: "charlie", target: "alice", constraints: %{max_delay: 100, min_amount: 3}, amount: "3"}]
[info] Listing pending intents: [%{id: "0ac0571d6ff0127f", status: "pending", timestamp: ~U[2025-03-09 02:54:28.381571Z], type: "transfer", source: "bob", target: "charlie", constraints: %{max_delay: 100, min_amount: 10}, amount: "10"}, %{id: "b1e251d6aaafe9a6", status: "pending", timestamp: ~U[2025-03-09 02:56:56.363545Z], type: "transfer", source: "alice", target: "bob", constraints: %{max_delay: 100, min_amount: 3}, amount: "3"}, %{id: "8701d6988841a949", status: "pending", timestamp: ~U[2025-03-09 02:54:10.380307Z], type: "transfer", source: "bob", target: "charlie", constraints: %{max_delay: 100, min_amount: 5}, amount: "5"}, %{id: "adb6bf4e0b7d0ffe", status: "pending", timestamp: ~U[2025-03-09 02:56:36.195334Z], type: "transfer", source: "charlie", target: "alice", constraints: %{max_delay: 100, min_amount: 3}, amount: "3"}]
[info] Listing matched intents: [%{id: "13af879cfe58b262", status: "matched", timestamp: ~U[2025-03-09 02:55:38.778010Z], type: "transfer", source: "bob", target: "alice", constraints: %{max_delay: 100, min_amount: 10}, amount: "10"}, %{id: "a95467bb341ae235", status: "matched", timestamp: ~U[2025-03-09 02:53:39.735235Z], type: "transfer", source: "alice", target: "bob", constraints: %{max_delay: 100, min_amount: 10}, amount: "10"}]
[info] Sent 200 in 1ms
[info] GET /intents
[debug] Processing with HelloWorldWeb.IntentController.list/2
  Parameters: %{}
  Pipelines: [:browser]
[info] Retrieved intents from ETS: [%{id: "0ac0571d6ff0127f", status: "pending", timestamp: ~U[2025-03-09 02:54:28.381571Z], type: "transfer", source: "bob", target: "charlie", constraints: %{max_delay: 100, min_amount: 10}, amount: "10"}, %{id: "b1e251d6aaafe9a6", status: "pending", timestamp: ~U[2025-03-09 02:56:56.363545Z], type: "transfer", source: "alice", target: "bob", constraints: %{max_delay: 100, min_amount: 3}, amount: "3"}, %{id: "8701d6988841a949", status: "pending", timestamp: ~U[2025-03-09 02:54:10.380307Z], type: "transfer", source: "bob", target: "charlie", constraints: %{max_delay: 100, min_amount: 5}, amount: "5"}, %{id: "a95467bb341ae235", status: "matched", timestamp: ~U[2025-03-09 02:53:39.735235Z], type: "transfer", source: "alice", target: "bob", constraints: %{max_delay: 100, min_amount: 10}, amount: "10"}, %{id: "13af879cfe58b262", status: "matched", timestamp: ~U[2025-03-09 02:55:38.778010Z], type: "transfer", source: "bob", target: "alice", constraints: %{max_delay: 100, min_amount: 10}, amount: "10"}, %{id: "adb6bf4e0b7d0ffe", status: "pending", timestamp: ~U[2025-03-09 02:56:36.195334Z], type: "transfer", source: "charlie", target: "alice", constraints: %{max_delay: 100, min_amount: 3}, amount: "3"}]
[info] Listing pending intents: [%{id: "0ac0571d6ff0127f", status: "pending", timestamp: ~U[2025-03-09 02:54:28.381571Z], type: "transfer", source: "bob", target: "charlie", constraints: %{max_delay: 100, min_amount: 10}, amount: "10"}, %{id: "b1e251d6aaafe9a6", status: "pending", timestamp: ~U[2025-03-09 02:56:56.363545Z], type: "transfer", source: "alice", target: "bob", constraints: %{max_delay: 100, min_amount: 3}, amount: "3"}, %{id: "8701d6988841a949", status: "pending", timestamp: ~U[2025-03-09 02:54:10.380307Z], type: "transfer", source: "bob", target: "charlie", constraints: %{max_delay: 100, min_amount: 5}, amount: "5"}, %{id: "adb6bf4e0b7d0ffe", status: "pending", timestamp: ~U[2025-03-09 02:56:36.195334Z], type: "transfer", source: "charlie", target: "alice", constraints: %{max_delay: 100, min_amount: 3}, amount: "3"}]
[info] Listing matched intents: [%{id: "13af879cfe58b262", status: "matched", timestamp: ~U[2025-03-09 02:55:38.778010Z], type: "transfer", source: "bob", target: "alice", constraints: %{max_delay: 100, min_amount: 10}, amount: "10"}, %{id: "a95467bb341ae235", status: "matched", timestamp: ~U[2025-03-09 02:53:39.735235Z], type: "transfer", source: "alice", target: "bob", constraints: %{max_delay: 100, min_amount: 10}, amount: "10"}]
[info] Sent 200 in 2ms
[info] GET /intents
[debug] Processing with HelloWorldWeb.IntentController.list/2
  Parameters: %{}
  Pipelines: [:browser]
[info] Retrieved intents from ETS: [%{id: "0ac0571d6ff0127f", status: "pending", timestamp: ~U[2025-03-09 02:54:28.381571Z], type: "transfer", source: "bob", target: "charlie", constraints: %{max_delay: 100, min_amount: 10}, amount: "10"}, %{id: "b1e251d6aaafe9a6", status: "pending", timestamp: ~U[2025-03-09 02:56:56.363545Z], type: "transfer", source: "alice", target: "bob", constraints: %{max_delay: 100, min_amount: 3}, amount: "3"}, %{id: "8701d6988841a949", status: "pending", timestamp: ~U[2025-03-09 02:54:10.380307Z], type: "transfer", source: "bob", target: "charlie", constraints: %{max_delay: 100, min_amount: 5}, amount: "5"}, %{id: "a95467bb341ae235", status: "matched", timestamp: ~U[2025-03-09 02:53:39.735235Z], type: "transfer", source: "alice", target: "bob", constraints: %{max_delay: 100, min_amount: 10}, amount: "10"}, %{id: "13af879cfe58b262", status: "matched", timestamp: ~U[2025-03-09 02:55:38.778010Z], type: "transfer", source: "bob", target: "alice", constraints: %{max_delay: 100, min_amount: 10}, amount: "10"}, %{id: "adb6bf4e0b7d0ffe", status: "pending", timestamp: ~U[2025-03-09 02:56:36.195334Z], type: "transfer", source: "charlie", target: "alice", constraints: %{max_delay: 100, min_amount: 3}, amount: "3"}]
[info] Listing pending intents: [%{id: "0ac0571d6ff0127f", status: "pending", timestamp: ~U[2025-03-09 02:54:28.381571Z], type: "transfer", source: "bob", target: "charlie", constraints: %{max_delay: 100, min_amount: 10}, amount: "10"}, %{id: "b1e251d6aaafe9a6", status: "pending", timestamp: ~U[2025-03-09 02:56:56.363545Z], type: "transfer", source: "alice", target: "bob", constraints: %{max_delay: 100, min_amount: 3}, amount: "3"}, %{id: "8701d6988841a949", status: "pending", timestamp: ~U[2025-03-09 02:54:10.380307Z], type: "transfer", source: "bob", target: "charlie", constraints: %{max_delay: 100, min_amount: 5}, amount: "5"}, %{id: "adb6bf4e0b7d0ffe", status: "pending", timestamp: ~U[2025-03-09 02:56:36.195334Z], type: "transfer", source: "charlie", target: "alice", constraints: %{max_delay: 100, min_amount: 3}, amount: "3"}]
[info] Listing matched intents: [%{id: "13af879cfe58b262", status: "matched", timestamp: ~U[2025-03-09 02:55:38.778010Z], type: "transfer", source: "bob", target: "alice", constraints: %{max_delay: 100, min_amount: 10}, amount: "10"}, %{id: "a95467bb341ae235", status: "matched", timestamp: ~U[2025-03-09 02:53:39.735235Z], type: "transfer", source: "alice", target: "bob", constraints: %{max_delay: 100, min_amount: 10}, amount: "10"}]
[info] Sent 200 in 8ms
[info] GET /intents
[debug] Processing with HelloWorldWeb.IntentController.list/2
  Parameters: %{}
  Pipelines: [:browser]
[info] Retrieved intents from ETS: [%{id: "0ac0571d6ff0127f", status: "pending", timestamp: ~U[2025-03-09 02:54:28.381571Z], type: "transfer", source: "bob", target: "charlie", constraints: %{max_delay: 100, min_amount: 10}, amount: "10"}, %{id: "b1e251d6aaafe9a6", status: "pending", timestamp: ~U[2025-03-09 02:56:56.363545Z], type: "transfer", source: "alice", target: "bob", constraints: %{max_delay: 100, min_amount: 3}, amount: "3"}, %{id: "8701d6988841a949", status: "pending", timestamp: ~U[2025-03-09 02:54:10.380307Z], type: "transfer", source: "bob", target: "charlie", constraints: %{max_delay: 100, min_amount: 5}, amount: "5"}, %{id: "a95467bb341ae235", status: "matched", timestamp: ~U[2025-03-09 02:53:39.735235Z], type: "transfer", source: "alice", target: "bob", constraints: %{max_delay: 100, min_amount: 10}, amount: "10"}, %{id: "13af879cfe58b262", status: "matched", timestamp: ~U[2025-03-09 02:55:38.778010Z], type: "transfer", source: "bob", target: "alice", constraints: %{max_delay: 100, min_amount: 10}, amount: "10"}, %{id: "adb6bf4e0b7d0ffe", status: "pending", timestamp: ~U[2025-03-09 02:56:36.195334Z], type: "transfer", source: "charlie", target: "alice", constraints: %{max_delay: 100, min_amount: 3}, amount: "3"}]
[info] Listing pending intents: [%{id: "0ac0571d6ff0127f", status: "pending", timestamp: ~U[2025-03-09 02:54:28.381571Z], type: "transfer", source: "bob", target: "charlie", constraints: %{max_delay: 100, min_amount: 10}, amount: "10"}, %{id: "b1e251d6aaafe9a6", status: "pending", timestamp: ~U[2025-03-09 02:56:56.363545Z], type: "transfer", source: "alice", target: "bob", constraints: %{max_delay: 100, min_amount: 3}, amount: "3"}, %{id: "8701d6988841a949", status: "pending", timestamp: ~U[2025-03-09 02:54:10.380307Z], type: "transfer", source: "bob", target: "charlie", constraints: %{max_delay: 100, min_amount: 5}, amount: "5"}, %{id: "adb6bf4e0b7d0ffe", status: "pending", timestamp: ~U[2025-03-09 02:56:36.195334Z], type: "transfer", source: "charlie", target: "alice", constraints: %{max_delay: 100, min_amount: 3}, amount: "3"}]
[info] Listing matched intents: [%{id: "13af879cfe58b262", status: "matched", timestamp: ~U[2025-03-09 02:55:38.778010Z], type: "transfer", source: "bob", target: "alice", constraints: %{max_delay: 100, min_amount: 10}, amount: "10"}, %{id: "a95467bb341ae235", status: "matched", timestamp: ~U[2025-03-09 02:53:39.735235Z], type: "transfer", source: "alice", target: "bob", constraints: %{max_delay: 100, min_amount: 10}, amount: "10"}]
[info] Sent 200 in 2ms
[info] GET /intents
[debug] Processing with HelloWorldWeb.IntentController.list/2
  Parameters: %{}
  Pipelines: [:browser]
[info] Retrieved intents from ETS: [%{id: "0ac0571d6ff0127f", status: "pending", timestamp: ~U[2025-03-09 02:54:28.381571Z], type: "transfer", source: "bob", target: "charlie", constraints: %{max_delay: 100, min_amount: 10}, amount: "10"}, %{id: "b1e251d6aaafe9a6", status: "pending", timestamp: ~U[2025-03-09 02:56:56.363545Z], type: "transfer", source: "alice", target: "bob", constraints: %{max_delay: 100, min_amount: 3}, amount: "3"}, %{id: "8701d6988841a949", status: "pending", timestamp: ~U[2025-03-09 02:54:10.380307Z], type: "transfer", source: "bob", target: "charlie", constraints: %{max_delay: 100, min_amount: 5}, amount: "5"}, %{id: "a95467bb341ae235", status: "matched", timestamp: ~U[2025-03-09 02:53:39.735235Z], type: "transfer", source: "alice", target: "bob", constraints: %{max_delay: 100, min_amount: 10}, amount: "10"}, %{id: "13af879cfe58b262", status: "matched", timestamp: ~U[2025-03-09 02:55:38.778010Z], type: "transfer", source: "bob", target: "alice", constraints: %{max_delay: 100, min_amount: 10}, amount: "10"}, %{id: "adb6bf4e0b7d0ffe", status: "pending", timestamp: ~U[2025-03-09 02:56:36.195334Z], type: "transfer", source: "charlie", target: "alice", constraints: %{max_delay: 100, min_amount: 3}, amount: "3"}]
[info] Listing pending intents: [%{id: "0ac0571d6ff0127f", status: "pending", timestamp: ~U[2025-03-09 02:54:28.381571Z], type: "transfer", source: "bob", target: "charlie", constraints: %{max_delay: 100, min_amount: 10}, amount: "10"}, %{id: "b1e251d6aaafe9a6", status: "pending", timestamp: ~U[2025-03-09 02:56:56.363545Z], type: "transfer", source: "alice", target: "bob", constraints: %{max_delay: 100, min_amount: 3}, amount: "3"}, %{id: "8701d6988841a949", status: "pending", timestamp: ~U[2025-03-09 02:54:10.380307Z], type: "transfer", source: "bob", target: "charlie", constraints: %{max_delay: 100, min_amount: 5}, amount: "5"}, %{id: "adb6bf4e0b7d0ffe", status: "pending", timestamp: ~U[2025-03-09 02:56:36.195334Z], type: "transfer", source: "charlie", target: "alice", constraints: %{max_delay: 100, min_amount: 3}, amount: "3"}]
[info] Listing matched intents: [%{id: "13af879cfe58b262", status: "matched", timestamp: ~U[2025-03-09 02:55:38.778010Z], type: "transfer", source: "bob", target: "alice", constraints: %{max_delay: 100, min_amount: 10}, amount: "10"}, %{id: "a95467bb341ae235", status: "matched", timestamp: ~U[2025-03-09 02:53:39.735235Z], type: "transfer", source: "alice", target: "bob", constraints: %{max_delay: 100, min_amount: 10}, amount: "10"}]
[info] Sent 200 in 1ms
[info] GET /intents
[debug] Processing with HelloWorldWeb.IntentController.list/2
  Parameters: %{}
  Pipelines: [:browser]
[info] Retrieved intents from ETS: [%{id: "0ac0571d6ff0127f", status: "pending", timestamp: ~U[2025-03-09 02:54:28.381571Z], type: "transfer", source: "bob", target: "charlie", constraints: %{max_delay: 100, min_amount: 10}, amount: "10"}, %{id: "b1e251d6aaafe9a6", status: "pending", timestamp: ~U[2025-03-09 02:56:56.363545Z], type: "transfer", source: "alice", target: "bob", constraints: %{max_delay: 100, min_amount: 3}, amount: "3"}, %{id: "8701d6988841a949", status: "pending", timestamp: ~U[2025-03-09 02:54:10.380307Z], type: "transfer", source: "bob", target: "charlie", constraints: %{max_delay: 100, min_amount: 5}, amount: "5"}, %{id: "a95467bb341ae235", status: "matched", timestamp: ~U[2025-03-09 02:53:39.735235Z], type: "transfer", source: "alice", target: "bob", constraints: %{max_delay: 100, min_amount: 10}, amount: "10"}, %{id: "13af879cfe58b262", status: "matched", timestamp: ~U[2025-03-09 02:55:38.778010Z], type: "transfer", source: "bob", target: "alice", constraints: %{max_delay: 100, min_amount: 10}, amount: "10"}, %{id: "adb6bf4e0b7d0ffe", status: "pending", timestamp: ~U[2025-03-09 02:56:36.195334Z], type: "transfer", source: "charlie", target: "alice", constraints: %{max_delay: 100, min_amount: 3}, amount: "3"}]
[info] Listing pending intents: [%{id: "0ac0571d6ff0127f", status: "pending", timestamp: ~U[2025-03-09 02:54:28.381571Z], type: "transfer", source: "bob", target: "charlie", constraints: %{max_delay: 100, min_amount: 10}, amount: "10"}, %{id: "b1e251d6aaafe9a6", status: "pending", timestamp: ~U[2025-03-09 02:56:56.363545Z], type: "transfer", source: "alice", target: "bob", constraints: %{max_delay: 100, min_amount: 3}, amount: "3"}, %{id: "8701d6988841a949", status: "pending", timestamp: ~U[2025-03-09 02:54:10.380307Z], type: "transfer", source: "bob", target: "charlie", constraints: %{max_delay: 100, min_amount: 5}, amount: "5"}, %{id: "adb6bf4e0b7d0ffe", status: "pending", timestamp: ~U[2025-03-09 02:56:36.195334Z], type: "transfer", source: "charlie", target: "alice", constraints: %{max_delay: 100, min_amount: 3}, amount: "3"}]
[info] Listing matched intents: [%{id: "13af879cfe58b262", status: "matched", timestamp: ~U[2025-03-09 02:55:38.778010Z], type: "transfer", source: "bob", target: "alice", constraints: %{max_delay: 100, min_amount: 10}, amount: "10"}, %{id: "a95467bb341ae235", status: "matched", timestamp: ~U[2025-03-09 02:53:39.735235Z], type: "transfer", source: "alice", target: "bob", constraints: %{max_delay: 100, min_amount: 10}, amount: "10"}]
[info] Sent 200 in 846µs
[info] GET /intents
[debug] Processing with HelloWorldWeb.IntentController.list/2
  Parameters: %{}
  Pipelines: [:browser]
[info] Retrieved intents from ETS: [%{id: "0ac0571d6ff0127f", status: "pending", timestamp: ~U[2025-03-09 02:54:28.381571Z], type: "transfer", source: "bob", target: "charlie", constraints: %{max_delay: 100, min_amount: 10}, amount: "10"}, %{id: "b1e251d6aaafe9a6", status: "pending", timestamp: ~U[2025-03-09 02:56:56.363545Z], type: "transfer", source: "alice", target: "bob", constraints: %{max_delay: 100, min_amount: 3}, amount: "3"}, %{id: "8701d6988841a949", status: "pending", timestamp: ~U[2025-03-09 02:54:10.380307Z], type: "transfer", source: "bob", target: "charlie", constraints: %{max_delay: 100, min_amount: 5}, amount: "5"}, %{id: "a95467bb341ae235", status: "matched", timestamp: ~U[2025-03-09 02:53:39.735235Z], type: "transfer", source: "alice", target: "bob", constraints: %{max_delay: 100, min_amount: 10}, amount: "10"}, %{id: "13af879cfe58b262", status: "matched", timestamp: ~U[2025-03-09 02:55:38.778010Z], type: "transfer", source: "bob", target: "alice", constraints: %{max_delay: 100, min_amount: 10}, amount: "10"}, %{id: "adb6bf4e0b7d0ffe", status: "pending", timestamp: ~U[2025-03-09 02:56:36.195334Z], type: "transfer", source: "charlie", target: "alice", constraints: %{max_delay: 100, min_amount: 3}, amount: "3"}]
[info] Listing pending intents: [%{id: "0ac0571d6ff0127f", status: "pending", timestamp: ~U[2025-03-09 02:54:28.381571Z], type: "transfer", source: "bob", target: "charlie", constraints: %{max_delay: 100, min_amount: 10}, amount: "10"}, %{id: "b1e251d6aaafe9a6", status: "pending", timestamp: ~U[2025-03-09 02:56:56.363545Z], type: "transfer", source: "alice", target: "bob", constraints: %{max_delay: 100, min_amount: 3}, amount: "3"}, %{id: "8701d6988841a949", status: "pending", timestamp: ~U[2025-03-09 02:54:10.380307Z], type: "transfer", source: "bob", target: "charlie", constraints: %{max_delay: 100, min_amount: 5}, amount: "5"}, %{id: "adb6bf4e0b7d0ffe", status: "pending", timestamp: ~U[2025-03-09 02:56:36.195334Z], type: "transfer", source: "charlie", target: "alice", constraints: %{max_delay: 100, min_amount: 3}, amount: "3"}]
[info] Listing matched intents: [%{id: "13af879cfe58b262", status: "matched", timestamp: ~U[2025-03-09 02:55:38.778010Z], type: "transfer", source: "bob", target: "alice", constraints: %{max_delay: 100, min_amount: 10}, amount: "10"}, %{id: "a95467bb341ae235", status: "matched", timestamp: ~U[2025-03-09 02:53:39.735235Z], type: "transfer", source: "alice", target: "bob", constraints: %{max_delay: 100, min_amount: 10}, amount: "10"}]
[info] Sent 200 in 1ms
[info] GET /intents
[debug] Processing with HelloWorldWeb.IntentController.list/2
  Parameters: %{}
  Pipelines: [:browser]
[info] Retrieved intents from ETS: [%{id: "0ac0571d6ff0127f", status: "pending", timestamp: ~U[2025-03-09 02:54:28.381571Z], type: "transfer", source: "bob", target: "charlie", constraints: %{max_delay: 100, min_amount: 10}, amount: "10"}, %{id: "b1e251d6aaafe9a6", status: "pending", timestamp: ~U[2025-03-09 02:56:56.363545Z], type: "transfer", source: "alice", target: "bob", constraints: %{max_delay: 100, min_amount: 3}, amount: "3"}, %{id: "8701d6988841a949", status: "pending", timestamp: ~U[2025-03-09 02:54:10.380307Z], type: "transfer", source: "bob", target: "charlie", constraints: %{max_delay: 100, min_amount: 5}, amount: "5"}, %{id: "a95467bb341ae235", status: "matched", timestamp: ~U[2025-03-09 02:53:39.735235Z], type: "transfer", source: "alice", target: "bob", constraints: %{max_delay: 100, min_amount: 10}, amount: "10"}, %{id: "13af879cfe58b262", status: "matched", timestamp: ~U[2025-03-09 02:55:38.778010Z], type: "transfer", source: "bob", target: "alice", constraints: %{max_delay: 100, min_amount: 10}, amount: "10"}, %{id: "adb6bf4e0b7d0ffe", status: "pending", timestamp: ~U[2025-03-09 02:56:36.195334Z], type: "transfer", source: "charlie", target: "alice", constraints: %{max_delay: 100, min_amount: 3}, amount: "3"}]
[info] Listing pending intents: [%{id: "0ac0571d6ff0127f", status: "pending", timestamp: ~U[2025-03-09 02:54:28.381571Z], type: "transfer", source: "bob", target: "charlie", constraints: %{max_delay: 100, min_amount: 10}, amount: "10"}, %{id: "b1e251d6aaafe9a6", status: "pending", timestamp: ~U[2025-03-09 02:56:56.363545Z], type: "transfer", source: "alice", target: "bob", constraints: %{max_delay: 100, min_amount: 3}, amount: "3"}, %{id: "8701d6988841a949", status: "pending", timestamp: ~U[2025-03-09 02:54:10.380307Z], type: "transfer", source: "bob", target: "charlie", constraints: %{max_delay: 100, min_amount: 5}, amount: "5"}, %{id: "adb6bf4e0b7d0ffe", status: "pending", timestamp: ~U[2025-03-09 02:56:36.195334Z], type: "transfer", source: "charlie", target: "alice", constraints: %{max_delay: 100, min_amount: 3}, amount: "3"}]
[info] Listing matched intents: [%{id: "13af879cfe58b262", status: "matched", timestamp: ~U[2025-03-09 02:55:38.778010Z], type: "transfer", source: "bob", target: "alice", constraints: %{max_delay: 100, min_amount: 10}, amount: "10"}, %{id: "a95467bb341ae235", status: "matched", timestamp: ~U[2025-03-09 02:53:39.735235Z], type: "transfer", source: "alice", target: "bob", constraints: %{max_delay: 100, min_amount: 10}, amount: "10"}]
[info] Sent 200 in 1ms
